https://www.hemnet.se/salda/bostadsratt-1rum-sodermalm-stockholms-kommun-lundagatan-42-b,-3-tr-849730
https://www.hemnet.se/salda/bostadsratt-3rum-sodermalm-stockholms-kommun-blecktornsstigen-10,-3-tr-849548
https://www.hemnet.se/salda/bostadsratt-2rum-sodermalm-hornstull-stockholms-kommun-slipgatan-9,-7tr-848691
https://www.hemnet.se/salda/bostadsratt-2rum-katarina-stockholms-kommun-klippgatan-21,-1-tr-848020
https://www.hemnet.se/salda/bostadsratt-2rum-maria-stockholms-kommun-fatburs-kvarngata-22,-4tr-847558
https://www.hemnet.se/salda/bostadsratt-1rum-sodermalm-maria-magdalena-stockholms-kommun-repslagargatan-11,-2,5-tr-847711
https://www.hemnet.se/salda/bostadsratt-3rum-sodermalm-hornstull-stockholms-kommun-lorensbergsgatan-1a,-4-tr-847708
https://www.hemnet.se/salda/bostadsratt-3rum-sodermalm-hornstull-stockholms-kommun-langholmsgatan-21,-5tr-848151
https://www.hemnet.se/salda/bostadsratt-4rum-sofia-stockholms-kommun-dorjgrand-4-847490
https://www.hemnet.se/salda/bostadsratt-2rum-sodermalm-stockholms-kommun-sankt-paulsgatan-28-a-847740
https://www.hemnet.se/salda/bostadsratt-2rum-katarina-stockholms-kommun-blekingegatan-16,-2-tr-847246
https://www.hemnet.se/salda/bostadsratt-2rum-hogalid-stockholms-kommun-hornsgatan-107-847252
https://www.hemnet.se/salda/bostadsratt-5rum-hogalid-stockholms-kommun-rosenlundsgatan-32-b,-3-tr-847205
https://www.hemnet.se/salda/bostadsratt-3rum-maria-gamla-stan-hogalid-stockholms-kommun-maria-bangata-2b,-5-tr-848139
https://www.hemnet.se/salda/bostadsratt-4rum-hornstull-stockholms-kommun-borgargatan-18-846792
https://www.hemnet.se/salda/bostadsratt-2rum-sodermalm-maria-stockholms-kommun-tavastgatan-25-846879
https://www.hemnet.se/salda/bostadsratt-3rum-katarina-stockholms-kommun-narkesgatan-2,-5-tr-846866
https://www.hemnet.se/salda/bostadsratt-1,5rum-sodermalm-stockholms-kommun-krukmakargatan-12,-van-3-846252
https://www.hemnet.se/salda/bostadsratt-2rum-sodermalm-stockholms-kommun-nackagatan-14-846153
https://www.hemnet.se/salda/bostadsratt-2,5rum-maria-stockholms-kommun-maria-bangata-6,-2tr-845446
https://www.hemnet.se/salda/bostadsratt-1rum-sodermalm-hornstull-stockholms-kommun-hogalidsgatan-52a-846346
https://www.hemnet.se/salda/bostadsratt-2,5rum-katarina-stockholms-kommun-ringvagen-87b,-2tr-gardslage-846089
https://www.hemnet.se/salda/bostadsratt-1rum-sodermalm-hornstull-stockholms-kommun-slipgatan-5,-5-tr-845242
https://www.hemnet.se/salda/bostadsratt-2rum-maria-gamla-stan-hogalid-stockholms-kommun-maria-bangata-2b,-3-tr-845184
https://www.hemnet.se/salda/bostadsratt-3rum-katarina-sofia-stockholms-kommun-hallandsgatan-32,-5-tr-845189
https://www.hemnet.se/salda/bostadsratt-2rum-katarina-sofia-stockholms-kommun-sodermannagatan-70,-3-tr-845206
https://www.hemnet.se/salda/bostadsratt-1rum-hornstull-stockholms-kommun-bergsundsgatan-7,-1-tr-mot-gard-844859
https://www.hemnet.se/salda/bostadsratt-3rum-sodermalm-hogalid-stockholms-kommun-ringvagen-39b,-6-6-tr,-gardshus-844939
https://www.hemnet.se/salda/bostadsratt-5rum-sodermalm-sofia-stockholms-kommun-tullgardsgatan-22,-5-tr-844461
https://www.hemnet.se/salda/bostadsratt-3rum-sodermalm-mariatorget-stockholms-kommun-maria-prastgardsgata-26-844537
https://www.hemnet.se/salda/bostadsratt-1rum-katarina-stockholms-kommun-tjarhovsgatan-22-843996
https://www.hemnet.se/salda/bostadsratt-2rum-sofia-stockholms-kommun-asogatan-196-843860
https://www.hemnet.se/salda/bostadsratt-4rum-maria-stockholms-kommun-fatburs-kvarngata-16-843875
https://www.hemnet.se/salda/bostadsratt-3,5rum-hornstull-stockholms-kommun-hogalidsgatan-25-843831
https://www.hemnet.se/salda/bostadsratt-1rum-maria-stockholms-kommun-wollmar-yxkullsgatan-5a-843961
https://www.hemnet.se/salda/bostadsratt-2rum-katarina-stockholms-kommun-ostgotagatan-66,-1-2-tr-843800
https://www.hemnet.se/salda/bostadsratt-2rum-maria-sodermalm-stockholms-kommun-brannkyrkagatan-55,-4-tr,-843548
https://www.hemnet.se/salda/bostadsratt-2rum-sodermalm-stockholms-kommun-brannkyrkagatan-49-843492
https://www.hemnet.se/salda/bostadsratt-4rum-sodermalm-stockholms-kommun-malmgardsvagen-30-d-844021
https://www.hemnet.se/salda/bostadsratt-3rum-sodermalm-stockholms-kommun-maria-prastgardsgata-26-844020
https://www.hemnet.se/salda/bostadsratt-1rum-sodermalm-stockholms-kommun-metargatan-3-844899
https://www.hemnet.se/salda/bostadsratt-2rum-mariaberget-stockholms-kommun-tavastgatan-22,-3tr-843760
https://www.hemnet.se/salda/bostadsratt-4rum-katarina-stockholms-kommun-asogatan-133,-3-tr-843753
https://www.hemnet.se/salda/bostadsratt-1,5rum-sofia-stockholms-kommun-rutger-fuchsgatan-4a-842902
https://www.hemnet.se/salda/bostadsratt-1rum-hornstull-stockholms-kommun-bergsundsgatan-13-843132
https://www.hemnet.se/salda/bostadsratt-1rum-sodermalm-stockholms-kommun-allhelgonagatan-7-843262
https://www.hemnet.se/salda/bostadsratt-2rum-sodermalm-sofia-stockholms-kommun-klippgatan-14-e,-van-2,-uppg,1-843002
https://www.hemnet.se/salda/bostadsratt-2rum-sodermalm-katarina-stockholms-kommun-folkungagatan-104,-4-tr-844278
https://www.hemnet.se/salda/bostadsratt-2rum-sodermalm-stockholms-kommun-bergsunds-strand-38,-2-tr-843201
https://www.hemnet.se/salda/bostadsratt-1,5rum-maria-gamla-stan-hogalid-stockholms-kommun-maria-bangata-2b,-3-tr-843131
https://www.hemnet.se/salda/bostadsratt-2rum-sodermalm-sofia-stockholms-kommun-rutger-fuchsgatan-8a,-4-tr-843034
https://www.hemnet.se/salda/bostadsratt-4rum-sodermalm-sofia-stockholms-kommun-fargargardstorget-34,-1-tr-843148
https://www.hemnet.se/salda/bostadsratt-1rum-sodermalm-hornstull-stockholms-kommun-hogalidsgatan-33-843106
https://www.hemnet.se/salda/bostadsratt-1rum-sodermalm-stockholms-kommun-sagargatan-14,-2-tr-842970
https://www.hemnet.se/salda/bostadsratt-2rum-sodermalm-katarina-stockholms-kommun-gotgatan-106-843083
https://www.hemnet.se/salda/bostadsratt-1rum-sodermalm-stockholms-kommun-krukmakargatan-24-843276
https://www.hemnet.se/salda/bostadsratt-2rum-maria-gamla-stan-hogalid-stockholms-kommun-maria-bangata-2b-842678
https://www.hemnet.se/salda/bostadsratt-2rum-sodermalm-katarina-stockholms-kommun-bohusgatan-27a,-3-tr-842616
https://www.hemnet.se/salda/bostadsratt-1rum-sodermalm-stockholms-kommun-wollmar-yxkullsgatan-38-842416
https://www.hemnet.se/salda/bostadsratt-1rum-sodermalm-hornstull-stockholms-kommun-folkskolegatan-4,-2-tr-842687
https://www.hemnet.se/salda/bostadsratt-2rum-hogalid-stockholms-kommun-hornsbruksgatan-13-842007
https://www.hemnet.se/salda/bostadsratt-1rum-katarina-stockholms-kommun-brannerigatan-5-842070
https://www.hemnet.se/salda/bostadsratt-3rum-sodermalm-sofia-stockholms-kommun-katarina-bangata-67,-5-tr-841758
https://www.hemnet.se/salda/bostadsratt-3rum-sodermalm-maria-stockholms-kommun-maria-prastgardsgata-43-842091
https://www.hemnet.se/salda/bostadsratt-2rum-katarina-sofia-stockholms-kommun-brannerigatan-5-841678
https://www.hemnet.se/salda/bostadsratt-2rum-sodermalm-stockholms-kommun-moregatan-8,-6tr-841423
https://www.hemnet.se/salda/bostadsratt-1,5rum-hornstull-stockholms-kommun-folkskolegatan-4-841054
https://www.hemnet.se/salda/bostadsratt-3rum-maria-stockholms-kommun-fatburstrappan-16,-3-tr-841149
https://www.hemnet.se/salda/bostadsratt-4rum-katarina-stockholms-kommun-sodermannagatan-45,-5,5-tr-841174
https://www.hemnet.se/salda/bostadsratt-2rum-maria-stockholms-kommun-wollmar-yxkullsgatan-15d-841050
https://www.hemnet.se/salda/bostadsratt-4rum-sodermalm-stockholms-kommun-swedenborgsgatan-24-840890
https://www.hemnet.se/salda/bostadsratt-2rum-katarina-stockholms-kommun-gotgatan-118,-1-tr-840249
https://www.hemnet.se/salda/bostadsratt-4rum-sofia-stockholms-kommun-ljustergrand-1-840280
https://www.hemnet.se/salda/bostadsratt-2rum-katarina-stockholms-kommun-blekingegatan-29-840336
https://www.hemnet.se/salda/bostadsratt-3rum-sofia-stockholms-kommun-erstagatan-28-a-840223
https://www.hemnet.se/salda/bostadsratt-1rum-sodermalm-stockholms-kommun-lundagatan-36-b,-4-tr-840134
https://www.hemnet.se/salda/bostadsratt-1rum-katarina-stockholms-kommun-gotlandsgatan-71-840034
https://www.hemnet.se/salda/bostadsratt-3rum-sodermalm-sofia-stockholms-kommun-tegelviksgatan-81,-3tr-840111
https://www.hemnet.se/salda/bostadsratt-2rum-katarina-stockholms-kommun-asogatan-100,-4tr-839602
https://www.hemnet.se/salda/bostadsratt-2rum-katarina-stockholms-kommun-gotgatan-94-839639
https://www.hemnet.se/salda/bostadsratt-2,5rum-sodermalm-stockholms-kommun-tengdahlsgatan-35-839735
https://www.hemnet.se/salda/bostadsratt-2rum-sodermalm-stockholms-kommun-olandsgatan-44,-5tr-839496
https://www.hemnet.se/salda/bostadsratt-3rum-sodermalm-stockholms-kommun-bergsunds-strand-32,-4tr-839683
https://www.hemnet.se/salda/bostadsratt-3rum-sodermalm-stockholms-kommun-tideliusgatan-11,-2tr-845897
https://www.hemnet.se/salda/bostadsratt-4rum-sodermalm-stockholms-kommun-malmgardsvagen-6,-1tr-839442
https://www.hemnet.se/salda/bostadsratt-4rum-sodermalm-stockholms-kommun-fargargardstorget-56-844014
https://www.hemnet.se/salda/bostadsratt-3rum-sodermalm-sofia-stockholms-kommun-ljustergrand-1,-5-tr-838712
https://www.hemnet.se/salda/bostadsratt-3rum-sodermalm-stockholms-kommun-bohusgatan-51,-3-tr-838808
https://www.hemnet.se/salda/bostadsratt-4rum-sodermalm-stockholms-kommun-gruvbacken-6-838681
https://www.hemnet.se/salda/bostadsratt-1rum-sodermalm-stockholms-kommun-rosenlundsgatan-24,-2-tr-838294
https://www.hemnet.se/salda/bostadsratt-3rum-sodermalm-mariatorget-stockholms-kommun-maria-prastgardsgata-39-838082
https://www.hemnet.se/salda/bostadsratt-1rum-sodermalm-stockholms-kommun-heleneborgsgatan-25a-838041
https://www.hemnet.se/salda/bostadsratt-4rum-sodermalm-stockholms-kommun-katarina-bangata-67,-5-tr-838092
https://www.hemnet.se/salda/bostadsratt-1rum-maria-stockholms-kommun-torkel-knutssonsgatan-35,-3-tr-837559
https://www.hemnet.se/salda/bostadsratt-3rum-sodermalm-stockholms-kommun-brannkyrkagatan-87,-6-tr-837432
https://www.hemnet.se/salda/bostadsratt-1rum-sodermalm-katarina-stockholms-kommun-brannerigatan-5-838687
https://www.hemnet.se/salda/bostadsratt-2,5rum-sodermalm-stockholms-kommun-maria-skolgata-77a-837431
https://www.hemnet.se/salda/bostadsratt-3rum-sodermalm-stockholms-kommun-fatburs-kvarngata-24-837864
https://www.hemnet.se/salda/bostadsratt-3rum-sodermalm-stockholms-kommun-tideliusgatan-33-837451
https://www.hemnet.se/salda/bostadsratt-4rum-sodermalm-hornstull-stockholms-kommun-hornstulls-strand-13,-6-tr-837778
https://www.hemnet.se/salda/bostadsratt-2rum-sodermlam-hogalid-stockholms-kommun-wollmar-yxkullsgatan-38,-1-tr-842614
https://www.hemnet.se/salda/bostadsratt-1rum-sodermalm-hogalid-stockholms-kommun-marmorgatan-11,-16tr-837797
https://www.hemnet.se/salda/bostadsratt-3rum-sodermalm-sofia-stockholms-kommun-kocksgatan-51-837543
https://www.hemnet.se/salda/bostadsratt-3rum-maria-stockholms-kommun-hornsgatan-66,-7-tr-836893
https://www.hemnet.se/salda/bostadsratt-4rum-hogalid-stockholms-kommun-tantogatan-67,-9-tr-836808
https://www.hemnet.se/salda/bostadsratt-1,5rum-sodermalm-sofia-stockholms-kommun-ringvagen-162-836688
https://www.hemnet.se/salda/bostadsratt-1,5rum-sodermalm-stockholms-kommun-ringvagen-60,-1tr-837135
https://www.hemnet.se/salda/bostadsratt-3,5rum-sodermalm-hogalid-stockholms-kommun-brannkyrkagatan-88,-3tr-838282
https://www.hemnet.se/salda/bostadsratt-6rum-sodermalm-stockholms-kommun-timmermansgrand-3-836495
https://www.hemnet.se/salda/bostadsratt-3rum-maria-stockholms-kommun-fatburs-brunnsgata-11,-3tr-836363
https://www.hemnet.se/salda/bostadsratt-1rum-katarina-sofia-stockholms-kommun-bjurholmsplan-23,-4-tr-836949
https://www.hemnet.se/salda/bostadsratt-2rum-sodermalm-stockholms-kommun-brannkyrkagatan-95-a,-2tr-836996
https://www.hemnet.se/salda/bostadsratt-1rum-sodermalm-stockholms-kommun-bondegatan-4,-3-tr-837230
https://www.hemnet.se/salda/bostadsratt-4rum-sodermalm-stockholms-kommun-kolmardsgrand-8-836902
https://www.hemnet.se/salda/bostadsratt-2,5rum-sodermalm-stockholms-kommun-tjarhovsgatan-10-836498
https://www.hemnet.se/salda/bostadsratt-3rum-sofia-stockholms-kommun-sodermannagatan-37,-6tr-836374
https://www.hemnet.se/salda/bostadsratt-3rum-sodermalm-hogalid-stockholms-kommun-heleneborgsgatan-13a,-4tr-836457
https://www.hemnet.se/salda/bostadsratt-2rum-sodermalm-stockholms-kommun-bastugatan-45,-1-tr-836519
https://www.hemnet.se/salda/bostadsratt-1rum-sodermalm-stockholms-kommun-helgagatan-36c-836520
https://www.hemnet.se/salda/bostadsratt-2rum-sodermalm-hornstull-stockholms-kommun-bergsunds-strand-5,-5-tr-836966
https://www.hemnet.se/salda/bostadsratt-6rum-hornstull-stockholms-kommun-heleneborgsgatan-21-a-835728
https://www.hemnet.se/salda/bostadsratt-3rum-sodermalm-stockholms-kommun-malmgardsvagen-12,-4-5-tr,-835704
https://www.hemnet.se/salda/bostadsratt-3rum-hogalid-stockholms-kommun-ringvagen-39b,-gardshus-835180
https://www.hemnet.se/salda/bostadsratt-3rum-sodermalm-stockholms-kommun-sockerbruksgrand-12,-7tr-835095
https://www.hemnet.se/salda/bostadsratt-2rum-sodermalm-stockholms-kommun-maria-bangata-2b-834987
https://www.hemnet.se/salda/bostadsratt-2rum-sodermalm-hornstull-stockholms-kommun-heleneborgsgatan-25b,-4-tr-835073
https://www.hemnet.se/salda/bostadsratt-2rum-katarina-stockholms-kommun-gotlandsgatan-78-834737
https://www.hemnet.se/salda/bostadsratt-2rum-sodermalm-stockholms-kommun-lundagatan-44c-834767
https://www.hemnet.se/salda/bostadsratt-5rum-katarina-sofia-stockholms-kommun-gotgatan-99-834288
https://www.hemnet.se/salda/bostadsratt-5rum-hogalid-stockholms-kommun-verkstadsgatan-9,-2-tr-834361
https://www.hemnet.se/salda/bostadsratt-1rum-sodermalm-katarina-stockholms-kommun-ringvagen-153-833858
https://www.hemnet.se/salda/bostadsratt-3rum-sodermalm-stockholms-kommun-bergsunds-strand-34,-3-tr-833922
https://www.hemnet.se/salda/bostadsratt-2rum-sodermalm-stockholms-kommun-lundagatan-40-b-833787
https://www.hemnet.se/salda/bostadsratt-1,5rum-sodermalm-katarina-stockholms-kommun-ringvagen-84,-2-tr-833367
https://www.hemnet.se/salda/bostadsratt-4rum-stockholm-stockholms-kommun-maria-prastgardsgata-67,-3-4-tr-833261
https://www.hemnet.se/salda/bostadsratt-3rum-stockholm-stockholms-kommun-renstiernas-gata-20,-2tr-833633
https://www.hemnet.se/salda/bostadsratt-3rum-katarina-sofia-stockholms-kommun-asogatan-164-833606
https://www.hemnet.se/salda/bostadsratt-1rum-sodermalm-maria-stockholms-kommun-bastugatan-27-833536
https://www.hemnet.se/salda/bostadsratt-1rum-hogalid-stockholms-kommun-marmorgatan-11,-2tr-832857
https://www.hemnet.se/salda/bostadsratt-2rum-nytorget-stockholms-kommun-katarina-bangata-52-832773
https://www.hemnet.se/salda/bostadsratt-2rum-hogalid-stockholms-kommun-heleneborgsgatan-20,-4-tr-832849
https://www.hemnet.se/salda/bostadsratt-3,5rum-sodermalm-stockholms-kommun-hogbergsgatan-72,-2-tr-832495
https://www.hemnet.se/salda/bostadsratt-3rum-maria-gamla-stan-hogalid-stockholms-kommun-bellmansgatan-19-832923
https://www.hemnet.se/salda/bostadsratt-2rum-sodermalm-katarina-stockholms-kommun-moregatan-8,-5-tr-832962
https://www.hemnet.se/salda/bostadsratt-1rum-sofia-stockholms-kommun-gaveliusgatan-8,-1tr-832417
https://www.hemnet.se/salda/bostadsratt-3rum-sodermalm-stockholms-kommun-katarina-bangata-47,-3-tr-832611
https://www.hemnet.se/salda/bostadsratt-1,5rum-sodermalm-stockholms-kommun-hallandsgatan-34,-1tr-834941
https://www.hemnet.se/salda/bostadsratt-2rum-sodermalm-maria-stockholms-kommun-krukmakargatan-4-832386
https://www.hemnet.se/salda/bostadsratt-1,5rum-sodermalm-katarina-stockholms-kommun-bjurholmsplan-19-832649
https://www.hemnet.se/salda/bostadsratt-1,5rum-katarina-stockholms-kommun-grindsgatan-52,-5tr-832195
https://www.hemnet.se/salda/bostadsratt-2rum-sofia-stockholms-kommun-tegelviksgatan-30-832111
https://www.hemnet.se/salda/bostadsratt-1rum-sodermalm-hornstull-stockholms-kommun-verkstadsgatan-11,-2-tr-832248
https://www.hemnet.se/salda/bostadsratt-1rum-sodermalm-reimersholme-stockholms-kommun-anders-reimers-vag-9-831824
https://www.hemnet.se/salda/bostadsratt-1rum-sodermalm-stockholms-kommun-metargatan-13-831947
https://www.hemnet.se/salda/bostadsratt-3rum-katarina-stockholms-kommun-ringvagen-151a,-5tr-831760
https://www.hemnet.se/salda/bostadsratt-1rum-hornstull-stockholms-kommun-bergsundsgatan-14,-3-tr-832240
https://www.hemnet.se/salda/bostadsratt-2rum-sodermalm-hornstull-stockholms-kommun-bergsundsgatan-19,-3-tr-831959
https://www.hemnet.se/salda/bostadsratt-1rum-sodermalm-katarina-stockholms-kommun-helgagatan-36a,-3tr-831890
https://www.hemnet.se/salda/bostadsratt-3rum-sodermalm-stockholms-kommun-lorensbergsgatan-3a-831951
https://www.hemnet.se/salda/bostadsratt-1rum-sodermalm-stockholms-kommun-ostgotagatan-87b,-4tr-831873
https://www.hemnet.se/salda/bostadsratt-3rum-hogalid-stockholms-kommun-marmorgatan-2-831476
https://www.hemnet.se/salda/bostadsratt-3rum-sodermalm-sofia-stockholms-kommun-nackagatan-25-831302
https://www.hemnet.se/salda/bostadsratt-2rum-katarina-stockholms-kommun-folkungagatan-72a-gardshus-831225
https://www.hemnet.se/salda/bostadsratt-2rum-mariaberget-stockholms-kommun-brannkyrkagatan-44-831534
https://www.hemnet.se/salda/bostadsratt-4rum-sodermalm-hornstull-stockholms-kommun-varvsgatan-6,-vindslagenhet-831283
https://www.hemnet.se/salda/bostadsratt-1rum-sodermalm-stockholms-kommun-gotlandsgatan-74,-1-tr-831320
https://www.hemnet.se/salda/bostadsratt-3rum-sodermalm-stockholms-kommun-repslagargatan-8,-van-3-831262
https://www.hemnet.se/salda/bostadsratt-2rum-hornstull-stockholms-kommun-slipgatan-11,-1-tr-831536
https://www.hemnet.se/salda/bostadsratt-4rum-sodermalm-stockholms-kommun-hornsgatan-146-a,-4tr-831056
https://www.hemnet.se/salda/bostadsratt-1rum-sodermalm-stockholms-kommun-marmorgatan-11,-16tr-830729
https://www.hemnet.se/salda/bostadsratt-3rum-sodermalm-mariatorget-stockholms-kommun-swedenborgsgatan-15-a,-4-tr-830400
https://www.hemnet.se/salda/bostadsratt-2rum-sodermalm-stockholms-kommun-dorjgrand-6-830099
https://www.hemnet.se/salda/bostadsratt-3rum-sodermalm-katarina-stockholms-kommun-bondegatan-5-b,-2-tr-829950
https://www.hemnet.se/salda/bostadsratt-3rum-sodermalm-sofo-stockholms-kommun-bondegatan-46,-5-tr-829934
https://www.hemnet.se/salda/bostadsratt-1rum-sodermalm-stockholms-kommun-bergsunds-strand-9,-5-tr-830097
https://www.hemnet.se/salda/bostadsratt-1rum-sodermalm-katarina-stockholms-kommun-helgagatan-36b,-3-tr-829864
https://www.hemnet.se/salda/bostadsratt-1rum-katarina-stockholms-kommun-bjurholmsgatan-14,-4-tr-829530
https://www.hemnet.se/salda/bostadsratt-2,5rum-sofia-stockholms-kommun-bohusgatan-29-829492
https://www.hemnet.se/salda/bostadsratt-3rum-maria-stockholms-kommun-timmermansgrand-3-830143
https://www.hemnet.se/salda/bostadsratt-3rum-hogalid-stockholms-kommun-brannkyrkagatan-90,-3-tr-829571
https://www.hemnet.se/salda/bostadsratt-2rum-sodermalm-stockholms-kommun-brannkyrkagatan-38,-4tr-829602
https://www.hemnet.se/salda/bostadsratt-1rum-sodermalm-mariaberget-stockholms-kommun-brannkyrkagatan-46,-2-tr-829268
https://www.hemnet.se/salda/bostadsratt-2rum-sodermalm-stockholms-kommun-tantogatan-15,-4tr-829601
https://www.hemnet.se/salda/bostadsratt-2rum-sodermalm-hogalid-stockholms-kommun-heleneborgsgatan-30-b-829261
https://www.hemnet.se/salda/bostadsratt-3rum-sodermalm-mariaberget-stockholms-kommun-bastugatan-19,-4-tr-829213
https://www.hemnet.se/salda/bostadsratt-1rum-sodermalm-hornstull-stockholms-kommun-slipgatan-12,-6-tr-829600
https://www.hemnet.se/salda/bostadsratt-1rum-sodermalm-stockholms-kommun-bondegatan-64-829625
https://www.hemnet.se/salda/bostadsratt-1rum-sodermalm-stockholms-kommun-sankt-paulsgatan-18-829335
https://www.hemnet.se/salda/bostadsratt-4rum-sodermalm-stockholms-kommun-hornsgatan-55,-5-tr-829611
https://www.hemnet.se/salda/bostadsratt-1rum-hogalid-stockholms-kommun-lindvallsplan-6,-5-tr-829025
https://www.hemnet.se/salda/bostadsratt-2rum-sodermalm-hornstull-stockholms-kommun-hornsgatan-107,-3-tr-828616
https://www.hemnet.se/salda/bostadsratt-3rum-sodermalm-stockholms-kommun-swedenborgsgatan-24-829612
https://www.hemnet.se/salda/bostadsratt-3rum-sodermalm-stockholms-kommun-dorjgrand-2-828627
https://www.hemnet.se/salda/bostadsratt-1rum-sodermalm-hornstull-stockholms-kommun-hogalidsgatan-11,-3-tr-828576
https://www.hemnet.se/salda/bostadsratt-1rum-sodermalm-stockholms-kommun-heleneborgsgatan-25-b-828569
https://www.hemnet.se/salda/bostadsratt-3rum-hornstull-stockholms-kommun-folkskolegatan-5-828845
https://www.hemnet.se/salda/bostadsratt-1rum-maria-stockholms-kommun-maria-prastgardsgata-27-831776
https://www.hemnet.se/salda/bostadsratt-3,5rum-katarina-stockholms-kommun-ringvagen-151,-4-tr-828706
https://www.hemnet.se/salda/bostadsratt-2rum-sodermalm-stockholms-kommun-brannkyrkagatan-28-827614
https://www.hemnet.se/salda/bostadsratt-3rum-sodermalm-stockholms-kommun-kvarngatan-3-e-827840
https://www.hemnet.se/salda/bostadsratt-2rum-hornstull-stockholms-kommun-palsundsgatan-1a-827253
https://www.hemnet.se/salda/bostadsratt-2rum-sodermalm-hornstull-stockholms-kommun-heleneborgsgatan-27,-5tr-827169
https://www.hemnet.se/salda/bostadsratt-5rum-langholmen-stockholms-kommun-malarvarvsbacken-18-827479
https://www.hemnet.se/salda/bostadsratt-1rum-katarina-sofia-stockholms-kommun-gotgatan-81-b,-5-tr,-826737
https://www.hemnet.se/salda/bostadsratt-1rum-hornstull-stockholms-kommun-kristinehovsgatan-5-a-826835
https://www.hemnet.se/salda/bostadsratt-3rum-katarina-stockholms-kommun-gotgatan-118,-6-tr-826992
https://www.hemnet.se/salda/bostadsratt-2rum-mariatorget-stockholms-kommun-wollmar-yxkullsgatan-6-826098
https://www.hemnet.se/salda/bostadsratt-2rum-sodermalm-stockholms-kommun-folkungagatan-65-826209
https://www.hemnet.se/salda/bostadsratt-2rum-sodermalm-maria-stockholms-kommun-brannkyrkagatan-49-826233
https://www.hemnet.se/salda/bostadsratt-2rum-maria-stockholms-kommun-fatburs-kvarngata-9,-5-tr-826675
https://www.hemnet.se/salda/bostadsratt-1rum-hornstull-stockholms-kommun-lundagatan-36-f-826714
https://www.hemnet.se/salda/bostadsratt-2rum-hogalid-stockholms-kommun-lundagatan-36e,-3-tr-826595
https://www.hemnet.se/salda/bostadsratt-2rum-sodermalm-maria-stockholms-kommun-timmermansgatan-41-825532
https://www.hemnet.se/salda/bostadsratt-1rum-maria-gamla-stan-hogalid-stockholms-kommun-hogbergsgatan-68-a,-4-tr-825868
https://www.hemnet.se/salda/bostadsratt-2rum-sodermalm-stockholms-kommun-rosenlundsgatan-14-825881
https://www.hemnet.se/salda/bostadsratt-1,5rum-sodermalm-stockholms-kommun-rutger-fuchsgatan-9,-5tr-827168
https://www.hemnet.se/salda/bostadsratt-2rum-sodermalm-stockholms-kommun-folkskolegatan-4,-2tr-825901
https://www.hemnet.se/salda/bostadsratt-1rum-sodermalm-stockholms-kommun-renstiernas-gata-48-847297
https://www.hemnet.se/salda/bostadsratt-2rum-sodermalm-stockholms-kommun-brannkyrkagatan-119,-5tr-825876
https://www.hemnet.se/salda/bostadsratt-2rum-sodermalm-mariatorget-stockholms-kommun-hornsgatan-64-a,-6-tr-826080
https://www.hemnet.se/salda/bostadsratt-1rum-sodermalm-sofia-stockholms-kommun-skanegatan-109,-5-tr-826400
https://www.hemnet.se/salda/bostadsratt-3rum-sodermalm-hogalid-stockholms-kommun-ringvagen-39a,-4-tr,-gardshuset-827050
https://www.hemnet.se/salda/bostadsratt-4rum-sodermalm-stockholms-kommun-fatburs-kvarngata-1,-van-6-826342
https://www.hemnet.se/salda/bostadsratt-1rum-sodermalm-stockholms-kommun-hogalidsgatan-29,-1,5-tr-825332
https://www.hemnet.se/salda/bostadsratt-1rum-sodermalm-stockholms-kommun-maria-prastgardsgata-4-825116
https://www.hemnet.se/salda/bostadsratt-3rum-sodermalm-stockholms-kommun-bastugatan-43-825343
https://www.hemnet.se/salda/bostadsratt-3rum-sodermalm-stockholms-kommun-beckbrannarbacken-7,-3tr-825036
https://www.hemnet.se/salda/bostadsratt-2rum-hornstull-stockholms-kommun-lorensbergsgatan-1a,-3tr-824798
https://www.hemnet.se/salda/bostadsratt-1,5rum-maria-gamla-stan-hogalid-stockholms-kommun-maria-bangata-2b,-3-tr-824805
https://www.hemnet.se/salda/bostadsratt-1,5rum-sodermalm-stockholms-kommun-gotlandsgatan-64,-2-tr-824581
https://www.hemnet.se/salda/bostadsratt-2rum-sodermalm-sofo-stockholms-kommun-kocksgatan-58,-2-tr-824636
https://www.hemnet.se/salda/bostadsratt-2rum-sodermalm-mosebacke-stockholms-kommun-katarina-vastra-kyrkogata-4b-824628
https://www.hemnet.se/salda/bostadsratt-4rum-hornstull-stockholms-kommun-drakenbergsgatan-23,-4-tr-824435
https://www.hemnet.se/salda/bostadsratt-2rum-sodermalm-hornstull-stockholms-kommun-langholmsgatan-7a,-nb-824291
https://www.hemnet.se/salda/bostadsratt-2rum-sodermalm-stockholms-kommun-hornsgatan-107-drakenbergsgatan-8-823900
https://www.hemnet.se/salda/bostadsratt-2rum-hogalid-stockholms-kommun-wollmar-yxkullsgatan-52a-823445
https://www.hemnet.se/salda/bostadsratt-1rum-sodermalm-stockholms-kommun-bondegatan-13-823318
https://www.hemnet.se/salda/bostadsratt-1rum-katarina-sofia-stockholms-kommun-kocksgatan-36-823454
https://www.hemnet.se/salda/bostadsratt-1,5rum-reimersholme-stockholms-kommun-reimersholmsgatan-39-823264
https://www.hemnet.se/salda/bostadsratt-1rum-sodermalm-stockholms-kommun-rutger-fuchsgatan-4,-1tr-823145
https://www.hemnet.se/salda/bostadsratt-1rum-sodermalm-hogalid-stockholms-kommun-bergsundsgatan-7-823040
https://www.hemnet.se/salda/bostadsratt-2rum-maria-stockholms-kommun-tavastgatan-13-822796
https://www.hemnet.se/salda/bostadsratt-2rum-hornstull-stockholms-kommun-slipgatan-9,-3tr-830706
https://www.hemnet.se/salda/bostadsratt-3rum-sodermalm-katarina-stockholms-kommun-helgalunden-13-822378
https://www.hemnet.se/salda/bostadsratt-3rum-sodermalm-mariatorget-stockholms-kommun-maria-prastgardsgata-27,-1,5tr-822234
https://www.hemnet.se/salda/bostadsratt-1rum-sodermalm-stockholms-kommun-svartensgatan-12-a,-3-tr-822723
https://www.hemnet.se/salda/bostadsratt-1,5rum-sofia-stockholms-kommun-ljusterogatan-5-822121
https://www.hemnet.se/salda/bostadsratt-2rum-sodermalm-hogalid-stockholms-kommun-ringvagen-39c,-3-tr,-gardshuset-822141
https://www.hemnet.se/salda/bostadsratt-3rum-sodermalm-stockholms-kommun-asogatan-105-822013
https://www.hemnet.se/salda/bostadsratt-3rum-sodermalm-maria-stockholms-kommun-maria-prastgardsgata-43-821894
https://www.hemnet.se/salda/bostadsratt-3rum-sodermalm-stockholms-kommun-maria-prastgardsgata-1d-822176
https://www.hemnet.se/salda/bostadsratt-2rum-hornstull-stockholms-kommun-tobaksspinnargatan-10-821363
https://www.hemnet.se/salda/bostadsratt-2rum-sodermalm-katarina-stockholms-kommun-blekingegatan-18,-1-tr-821082
https://www.hemnet.se/salda/bostadsratt-2rum-sodermalm-stockholms-kommun-wollmar-yxkullsgatan-5,-4-tr-og-821441
https://www.hemnet.se/salda/bostadsratt-2rum-sodermalm-skanstull-stockholms-kommun-timotejgatan-4-821414
https://www.hemnet.se/salda/bostadsratt-1rum-sodermalm-sofia-stockholms-kommun-gruvbacken-6,-tr-821816
https://www.hemnet.se/salda/bostadsratt-3rum-hornstull-stockholms-kommun-heleneborgsgatan-48,-3-tr-821515
https://www.hemnet.se/salda/bostadsratt-1rum-sofia-stockholms-kommun-beckbrannarbacken-7-821367
https://www.hemnet.se/salda/bostadsratt-2rum-katarina-sofia-stockholms-kommun-bjurholmsplan-23,-2-tr-820652
https://www.hemnet.se/salda/bostadsratt-1,5rum-sodermalm-stockholms-kommun-bergsundsgatan-13,-3tr-820665
https://www.hemnet.se/salda/bostadsratt-2rum-sodermalm-hogalid-stockholms-kommun-heleneborgsgatan-6a,-5-tr-821814
https://www.hemnet.se/salda/bostadsratt-1rum-sodermalm-stockholms-kommun-katarina-bangata-59c-821426
https://www.hemnet.se/salda/bostadsratt-2rum-sodermalm-katarina-stockholms-kommun-ringvagen-139a,-3-tr-820505
https://www.hemnet.se/salda/bostadsratt-2rum-sodermalm-sofo-stockholms-kommun-asogatan-192-820455
https://www.hemnet.se/salda/bostadsratt-1rum-sodermalm-stockholms-kommun-hallandsgatan-50b-811882
https://www.hemnet.se/salda/bostadsratt-2rum-sodermalm-nytorget-stockholms-kommun-sodermannagatan-34,-1tr-846344
https://www.hemnet.se/salda/bostadsratt-1rum-hogalid-stockholms-kommun-samaritgrand-9-820018
https://www.hemnet.se/salda/bostadsratt-2rum-hornstull-stockholms-kommun-lindvallsplan-10,-6-tr-820093
https://www.hemnet.se/salda/bostadsratt-1rum-katarina-stockholms-kommun-gotgatan-79,-6-tr-mot-gard-820105
https://www.hemnet.se/salda/bostadsratt-1rum-hornstull-stockholms-kommun-lindvallsplan-10-820056
https://www.hemnet.se/salda/bostadsratt-1,5rum-hornstull-stockholms-kommun-lindvallsgatan-2-819978
https://www.hemnet.se/salda/bostadsratt-2rum-katarina-stockholms-kommun-timotejgatan-6-819742
https://www.hemnet.se/salda/bostadsratt-2rum-sodermalm-stockholms-kommun-maria-bangata-2-824522
https://www.hemnet.se/salda/bostadsratt-3rum-maria-gamla-stan-hogalid-stockholms-kommun-hornsgatan-146-a-820115
https://www.hemnet.se/salda/bostadsratt-1,5rum-sodermalm-hornstull-stockholms-kommun-bergsundsgatan-15,-2tr-820114
https://www.hemnet.se/salda/bostadsratt-1rum-sodermalm-sofia-stockholms-kommun-rutger-fuchsgatan-1,-van-1-820134
https://www.hemnet.se/salda/bostadsratt-3rum-sodermalm-hornstull-stockholms-kommun-folkskolegatan-20-820153
https://www.hemnet.se/salda/bostadsratt-3rum-maria-stockholms-kommun-maria-bangata-9,-6tr-819688
https://www.hemnet.se/salda/bostadsratt-2rum-sodermalm-stockholms-kommun-ekehjelmstorget-2,-1tr-swedenborgsgatan-17-820345
https://www.hemnet.se/salda/bostadsratt-2,5rum-sodermalm-stockholms-kommun-lundagatan-48a-819777
https://www.hemnet.se/salda/bostadsratt-4rum-sodermalm-stockholms-kommun-tegelviksgatan-30,-4tr-820867
https://www.hemnet.se/salda/bostadsratt-1rum-sodermalm-hornstull-stockholms-kommun-folkskolegatan-12,-5-tr-820137
https://www.hemnet.se/salda/bostadsratt-2rum-maria-stockholms-kommun-wollmar-yxkullsgatan-12-819535
https://www.hemnet.se/salda/bostadsratt-1,5rum-maria-stockholms-kommun-krukmakargatan-12,-6tr-819244
https://www.hemnet.se/salda/bostadsratt-2,5rum-sodermalm-stockholms-kommun-bjurholmsplan-26,-6-tr-819651
https://www.hemnet.se/salda/bostadsratt-2rum-sodermalm-katarina-stockholms-kommun-ringvagen-86,-2-tr-816485
https://www.hemnet.se/salda/bostadsratt-2rum-katarina-stockholms-kommun-helgalunden-17,-3-tr-818975
https://www.hemnet.se/salda/bostadsratt-2rum-sodermalm-stockholms-kommun-zinkens-vag-27,-4-tr-818889
https://www.hemnet.se/salda/bostadsratt-2rum-sodermalm-stockholms-kommun-nytorgsgatan-24-818817
https://www.hemnet.se/salda/bostadsratt-3rum-sodermalm-mariatorget-stockholms-kommun-wollmar-yxkullsgatan-5b-818525
https://www.hemnet.se/salda/bostadsratt-2rum-sodermalm-stockholms-kommun-vastgotagatan-18-818298
https://www.hemnet.se/salda/bostadsratt-4rum-sodermalm-stockholms-kommun-wollmar-yxkullsgatan-38-818296
https://www.hemnet.se/salda/bostadsratt-2rum-sodermalm-stockholms-kommun-hokens-gata-8-b-817915
https://www.hemnet.se/salda/bostadsratt-1,5rum-hornstull-stockholms-kommun-folkskolegatan-4,-4tr-818072
https://www.hemnet.se/salda/bostadsratt-3rum-sodermalm-stockholms-kommun-bastugatan-35-818238
https://www.hemnet.se/salda/bostadsratt-3rum-sodermalm-maria-stockholms-kommun-maria-prastgardsgata-19,-4tr-818148
https://www.hemnet.se/salda/bostadsratt-4rum-sodermalm-mosebacke-stockholms-kommun-kapellgrand-17a,-2-tr-817977
https://www.hemnet.se/salda/bostadsratt-2rum-hogalid-stockholms-kommun-bergsunds-strand-9,-3tr-817814
https://www.hemnet.se/salda/bostadsratt-2rum-sodermalm-stockholms-kommun-doktor-abelins-gata-2-818244
https://www.hemnet.se/salda/bostadsratt-1,5rum-sodermalm-maria-stockholms-kommun-timmermansgatan-37,-3-tr-818147
https://www.hemnet.se/salda/bostadsratt-2rum-katarina-sofia-stockholms-kommun-erstagatan-30-818051
https://www.hemnet.se/salda/bostadsratt-4rum-sodermalm-stockholms-kommun-yttersta-tvargrand-4-817931
https://www.hemnet.se/salda/bostadsratt-2rum-sodermalm-katarina-stockholms-kommun-raggatan-10,-1-2-tr-817950
https://www.hemnet.se/salda/bostadsratt-3rum-sodermalm-maria-stockholms-kommun-brannkyrkagatan-45,-4-tr-817790
https://www.hemnet.se/salda/bostadsratt-2rum-hornstull-stockholms-kommun-slipgatan-12-817538
https://www.hemnet.se/salda/bostadsratt-2rum-maria-stockholms-kommun-brannkyrkagatan-54-b-817487
https://www.hemnet.se/salda/bostadsratt-3rum-maria-stockholms-kommun-brannkyrkagatan-66,-6tr-817506
https://www.hemnet.se/salda/bostadsratt-2rum-maria-stockholms-kommun-wollmar-yxkullsgatan-5,-2tr-o,g-817539
https://www.hemnet.se/salda/bostadsratt-1rum-sodermalm-stockholms-kommun-swedenborgsgatan-4-b-817265
https://www.hemnet.se/salda/bostadsratt-5rum-sodermalm-hogalid-stockholms-kommun-ringvagen-8-818577
https://www.hemnet.se/salda/bostadsratt-1rum-sodermalm-mariatorget-stockholms-kommun-rosenlundsgatan-24-817269
https://www.hemnet.se/salda/bostadsratt-3rum-sodermalm-maria-magdalena-stockholms-kommun-fatburs-kvarngata-9,-3-tr-817300
https://www.hemnet.se/salda/bostadsratt-2rum-katarina-sofia-stockholms-kommun-beckbrannarbacken-6-817615
https://www.hemnet.se/salda/bostadsratt-2rum-sodermalm-hogalid-stockholms-kommun-lindvallsplan-6,-5-tr-817247
https://www.hemnet.se/salda/bostadsratt-2rum-sodermalm-katarina-stockholms-kommun-ostgotagatan-85,-1tr-817627
https://www.hemnet.se/salda/bostadsratt-2rum-sodermalm-katarina-stockholms-kommun-tideliusgatan-61,-4tr-817343
https://www.hemnet.se/salda/bostadsratt-3rum-hornstull-stockholms-kommun-heleneborgsgatan-13-c,-2-tr-816884
https://www.hemnet.se/salda/bostadsratt-1,5rum-reimersholme-stockholms-kommun-reimersholmsgatan-47,-1tr-817005
https://www.hemnet.se/salda/bostadsratt-4,5rum-sodermalm-tanto-stockholms-kommun-tantogatan-63-817146
https://www.hemnet.se/salda/bostadsratt-2rum-sodermalm-stockholms-kommun-ringvagen-153-816620
https://www.hemnet.se/salda/bostadsratt-1rum-hornstull-stockholms-kommun-folkskolegatan-3-817138
https://www.hemnet.se/salda/bostadsratt-1rum-mariaberget-sodermalm-stockholms-kommun-tavastgatan-28,-3-tr-816805
https://www.hemnet.se/salda/bostadsratt-1,5rum-sodermalm-stockholms-kommun-bondegatan-18,-2tr-816657
https://www.hemnet.se/salda/bostadsratt-5rum-sodermalm-mariatorget-stockholms-kommun-wollmar-yxkullsgatan-7-816697
https://www.hemnet.se/salda/bostadsratt-3rum-sodermalm-hornstull-stockholms-kommun-verkstadsgatan-11,-5-tr-816684
https://www.hemnet.se/salda/bostadsratt-1rum-sodermalm-hornstull-stockholms-kommun-slipgatan-11,-4tr-817596
https://www.hemnet.se/salda/bostadsratt-2rum-reimersholme-stockholms-kommun-anders-reimers-vag-15,-1-tr-816810
https://www.hemnet.se/salda/bostadsratt-1,5rum-sodermalm-stockholms-kommun-rutger-fuchsgatan-9-816746
https://www.hemnet.se/salda/bostadsratt-2rum-sodermalm-stockholms-kommun-bergsundsgatan-12-817156
https://www.hemnet.se/salda/bostadsratt-3rum-hornstull-stockholms-kommun-drakenbergsgatan-8-hornsgatan-107-816333
https://www.hemnet.se/salda/bostadsratt-1,5rum-hornstull-stockholms-kommun-hornsgatan-149,-4-tr-816425
https://www.hemnet.se/salda/bostadsratt-2rum-hornstull-stockholms-kommun-hogalidsgatan-54-b,-4-tr-816384
https://www.hemnet.se/salda/bostadsratt-4,5rum-hogalid-stockholms-kommun-verkstadsgatan-9,-3tr-816156
https://www.hemnet.se/salda/bostadsratt-3rum-sofia-stockholms-kommun-gaveliusgatan-10-814842
https://www.hemnet.se/salda/bostadsratt-1,5rum-sodermalm-hogalid-stockholms-kommun-krukmakargatan-26-817065
https://www.hemnet.se/salda/bostadsratt-2rum-sodermalm-hornstull-stockholms-kommun-bergsundsgatan-21-815734
https://www.hemnet.se/salda/bostadsratt-1rum-sodermalm-sofia-stockholms-kommun-rutger-fuchsgatan-8a,-5-tr-815794
https://www.hemnet.se/salda/bostadsratt-2rum-sofia-stockholms-kommun-folkungagatan-142,-3tr-815682
https://www.hemnet.se/salda/bostadsratt-2rum-maria-stockholms-kommun-swedenborgsgatan-12-815688
https://www.hemnet.se/salda/bostadsratt-2rum-sodermalm-hornstull-stockholms-kommun-liljeholmsbron-8,-2-tr-815778
https://www.hemnet.se/salda/bostadsratt-2rum-sodermalm-katarina-stockholms-kommun-renstiernas-gata-30,-4-tr-816052
https://www.hemnet.se/salda/bostadsratt-4rum-sodermalm-stockholms-kommun-ostgotagatan-81,-2-tr-816003
https://www.hemnet.se/salda/bostadsratt-2,5rum-sodermalm-sofo-stockholms-kommun-bjurholmsplan-17-815533
https://www.hemnet.se/salda/bostadsratt-2rum-katarina-stockholms-kommun-svartensgatan-8b,-2-tr-o,g-815575
https://www.hemnet.se/salda/bostadsratt-2rum-reimersholme-stockholms-kommun-reimersholmsgatan-6-814841
https://www.hemnet.se/salda/bostadsratt-4rum-sodermalm-stockholms-kommun-hogbergsgatan-76-b-816419
https://www.hemnet.se/salda/bostadsratt-1,5rum-sodermalm-sofia-stockholms-kommun-erstagatan-16-814760
https://www.hemnet.se/salda/bostadsratt-2rum-maria-stockholms-kommun-fatburs-kvarngata-5,-6tr-814856
https://www.hemnet.se/salda/bostadsratt-2rum-sodermalm-hornstull-stockholms-kommun-bergsunds-strand-9,-1-tr-815176
https://www.hemnet.se/salda/bostadsratt-3rum-maria-stockholms-kommun-rosenlundsgatan-18-814512
https://www.hemnet.se/salda/bostadsratt-3rum-sodermalm-hogalid-stockholms-kommun-verkstadsgatan-10-814694
https://www.hemnet.se/salda/bostadsratt-2rum-sodermalm-stockholms-kommun-krukmakargatan-48-814549
https://www.hemnet.se/salda/bostadsratt-1rum-sodermalm-stockholms-kommun-tjarhovsgatan-6-814044
https://www.hemnet.se/salda/bostadsratt-2rum-hogalid-stockholms-kommun-bergsundsgatan-13-814051
https://www.hemnet.se/salda/bostadsratt-2rum-sodermalm-hogalid-stockholms-kommun-brannkyrkagatan-66,-3tr-831094
https://www.hemnet.se/salda/bostadsratt-2rum-sodermalm-stockholms-kommun-sagargatan-16-814224
https://www.hemnet.se/salda/bostadsratt-2rum-sodermalm-stockholms-kommun-folkungagatan-130,-2-tr-813983
https://www.hemnet.se/salda/bostadsratt-4rum-sodermalm-maria-magdalena-stockholms-kommun-fatburs-kvarngata-17,-4-tr-813721
https://www.hemnet.se/salda/bostadsratt-1rum-sodermalm-hornstull-stockholms-kommun-hornsgatan-180,-1tr-813875
https://www.hemnet.se/salda/bostadsratt-3rum-sodermalm-stockholms-kommun-fatburs-brunnsgata-33a-813732
https://www.hemnet.se/salda/bostadsratt-2rum-sodermalm-maria-stockholms-kommun-tavastgatan-29-813840
https://www.hemnet.se/salda/bostadsratt-2rum-sodermalm-hornstull-stockholms-kommun-hornsgatan-142,-5-tr-813743
https://www.hemnet.se/salda/bostadsratt-2rum-sodermalm-stockholms-kommun-ostgotagatan-68,-2-tr-813796
https://www.hemnet.se/salda/bostadsratt-2rum-sofia-stockholms-kommun-erstagatan-26-813408
https://www.hemnet.se/salda/bostadsratt-4rum-sodermalm-stockholms-kommun-tavastgatan-26b,-4-5-tr-813207
https://www.hemnet.se/salda/bostadsratt-2rum-sodermalm-sofia-stockholms-kommun-bohusgatan-57,-4-tr-813583
https://www.hemnet.se/salda/bostadsratt-1rum-sodermalm-stockholms-kommun-lundagatan-46-813316
https://www.hemnet.se/salda/bostadsratt-2rum-sodermalm-stockholms-kommun-sockerbruksgrand-12-812872
https://www.hemnet.se/salda/bostadsratt-2rum-hornstull-stockholms-kommun-heleneborgsgatan-19,-5-tr-812461
https://www.hemnet.se/salda/bostadsratt-3rum-katarina-stockholms-kommun-tjarhovsgatan-40-812368
https://www.hemnet.se/salda/bostadsratt-2rum-maria-stockholms-kommun-fatbursgatan-2-812381
https://www.hemnet.se/salda/bostadsratt-1rum-katarina-stockholms-kommun-bjurholmsgatan-12,-5tr-812185
https://www.hemnet.se/salda/bostadsratt-2rum-sodermalm-stockholms-kommun-hogbergsgatan-75a-812222
https://www.hemnet.se/salda/bostadsratt-2rum-sodermalm-maria-stockholms-kommun-krukmakargatan-14-812160
https://www.hemnet.se/salda/bostadsratt-3rum-katarina-stockholms-kommun-asogatan-118,-3-tr-811939
https://www.hemnet.se/salda/bostadsratt-2rum-katarina-sofia-stockholms-kommun-ringvagen-138,-3-tr-811921
https://www.hemnet.se/salda/bostadsratt-2rum-sodermalm-stockholms-kommun-bastugatan-21,-1-tr-811900
https://www.hemnet.se/salda/bostadsratt-2rum-stockholm-stockholms-kommun-helgalunden-17-811791
https://www.hemnet.se/salda/bostadsratt-1rum-maria-stockholms-kommun-tjustgatan-4-811841
https://www.hemnet.se/salda/bostadsratt-3,5rum-sodermalm-maria-stockholms-kommun-magnus-ladulasgatan-25,-3-tr-811840
https://www.hemnet.se/salda/bostadsratt-5rum-katarina-sofia-stockholms-kommun-kocksgatan-9,-2-tr,-811923
https://www.hemnet.se/salda/bostadsratt-2rum-sodermalm-katarina-stockholms-kommun-bondegatan-7,-5-tr-812063
https://www.hemnet.se/salda/bostadsratt-1,5rum-maria-stockholms-kommun-fatburs-kvarngata-16-811249
https://www.hemnet.se/salda/bostadsratt-2rum-hornstull-stockholms-kommun-langholmsgatan-9a-811355
https://www.hemnet.se/salda/bostadsratt-2rum-sodermalm-hogalid-stockholms-kommun-lorensbergsgatan-3b,-3-tr-811327
https://www.hemnet.se/salda/bostadsratt-3rum-sodermalm-stockholms-kommun-svartensgatan-5-b,-vind-811193
https://www.hemnet.se/salda/bostadsratt-4rum-sofia-stockholms-kommun-tegelviksgatan-69,-3-tr-van-6-i-hissen-811072
https://www.hemnet.se/salda/bostadsratt-2rum-hogalid-stockholms-kommun-bergsunds-strand-38-6-tr-810506
https://www.hemnet.se/salda/bostadsratt-2rum-hogalid-stockholms-kommun-heleneborgsgatan-6a,-4tr-810409
https://www.hemnet.se/salda/bostadsratt-2rum-hornstull-stockholms-kommun-langholmsgatan-11-a,-4-tr-gardshus-810509
https://www.hemnet.se/salda/bostadsratt-3,5rum-sodermalm-sofia-stockholms-kommun-ringvagen-112,-4-tr-810305
https://www.hemnet.se/salda/bostadsratt-2rum-sodermalm-stockholms-kommun-repslagargatan-25-2,5-tr-810259
https://www.hemnet.se/salda/bostadsratt-2rum-sodermalm-stockholms-kommun-rutger-fuchsgatan-9-810774
https://www.hemnet.se/salda/bostadsratt-3rum-sodermalm-stockholms-kommun-sagargatan-17-810580
https://www.hemnet.se/salda/bostadsratt-1rum-sodermalm-stockholms-kommun-verkstadsgatan-10,-hogst-upp-810195
https://www.hemnet.se/salda/bostadsratt-4rum-hornstull-stockholms-kommun-drakenbergsgatan-19,-6tr-809767
https://www.hemnet.se/salda/bostadsratt-2,5rum-hogalid-stockholms-kommun-krukmakargatan-53,-3-tr-hogst-upp-809435
https://www.hemnet.se/salda/bostadsratt-2rum-sodermalm-stockholms-kommun-maria-prastgardsgata-1d-809516
https://www.hemnet.se/salda/bostadsratt-2rum-sodermalm-stockholms-kommun-sodermannagatan-52,-3-tr-811076
https://www.hemnet.se/salda/bostadsratt-3rum-sodermalm-sofia-stockholms-kommun-metargatan-9,-1,5-tr-809502
https://www.hemnet.se/salda/bostadsratt-1rum-katarina-sofia-stockholms-kommun-stigbergsgatan-32-b,-3-tr,-809595
https://www.hemnet.se/salda/bostadsratt-1rum-sodermalm-sofia-stockholms-kommun-rutger-fuchsgatan-9,-van-3-809559
https://www.hemnet.se/salda/bostadsratt-1rum-sodermalm-katarina-stockholms-kommun-helgagatan-36b,-3tr-809610
https://www.hemnet.se/salda/bostadsratt-1,5rum-katarina-stockholms-kommun-asogatan-98-809650
https://www.hemnet.se/salda/bostadsratt-4rum-hogalid-stockholms-kommun-verkstadsgatan-11-809702
https://www.hemnet.se/salda/bostadsratt-3rum-hornstull-stockholms-kommun-heleneborgsgatan-13-b,-2tr-809636
https://www.hemnet.se/salda/bostadsratt-2rum-katarina-stockholms-kommun-folkungagatan-53,-3tr-809708
https://www.hemnet.se/salda/bostadsratt-5rum-sodermalm-stockholms-kommun-hornsgatan-100,-2tr-809888
https://www.hemnet.se/salda/bostadsratt-1,5rum-katarina-stockholms-kommun-ringvagen-153-b,-1-tr-809019
https://www.hemnet.se/salda/bostadsratt-3rum-sodermalm-maria-stockholms-kommun-bellmansgatan-8-809189
https://www.hemnet.se/salda/bostadsratt-3rum-sodermalm-sofo-nytorget-stockholms-kommun-skanegatan-113,-3tr-809012
https://www.hemnet.se/salda/bostadsratt-2rum-sodermalm-stockholms-kommun-gotgatan-90a,-5tr-808997
https://www.hemnet.se/salda/bostadsratt-1rum-sodermalm-stockholms-kommun-kocksgatan-51-809107
https://www.hemnet.se/salda/bostadsratt-2rum-sodermalm-stockholms-kommun-bergsunds-strand-27,-1,5tr-809133
https://www.hemnet.se/salda/bostadsratt-2rum-sodermalm-sofia-stockholms-kommun-erstagatan-22,-4-tr-809340
https://www.hemnet.se/salda/bostadsratt-3rum-maria-stockholms-kommun-fatburs-kvarngata-12,-5-tr-808734
https://www.hemnet.se/salda/bostadsratt-2rum-sodermalm-stockholms-kommun-rutger-fuchsgatan-2,-2-tr-808695
https://www.hemnet.se/salda/bostadsratt-4rum-maria-stockholms-kommun-maria-prastgardsgata-27,-5tr-808578
https://www.hemnet.se/salda/bostadsratt-3rum-hornstull-stockholms-kommun-heleneborgsgatan-26,-2-tr-808370
https://www.hemnet.se/salda/bostadsratt-3rum-sodermalm-stockholms-kommun-hogbergsgatan-76a-808346
https://www.hemnet.se/salda/bostadsratt-3rum-maria-stockholms-kommun-hogbergsgatan-66-b,-3-tr-807856
https://www.hemnet.se/salda/bostadsratt-3rum-katarina-stockholms-kommun-folkungagatan-96-nytorgsgatan-23-807861
https://www.hemnet.se/salda/bostadsratt-1rum-maria-stockholms-kommun-bysistorget-8,-5-tr-808075
https://www.hemnet.se/salda/bostadsratt-3rum-katarina-stockholms-kommun-asogatan-133-807966
https://www.hemnet.se/salda/bostadsratt-3,5rum-sodermalm-stockholms-kommun-ringvagen-60-807654
https://www.hemnet.se/salda/bostadsratt-2rum-sodermalm-maria-stockholms-kommun-timmermansgatan-38b,-4-tr-808100
https://www.hemnet.se/salda/bostadsratt-2rum-sodermalm-stockholms-kommun-gotgatan-106,-4-tr-ingang-dalslandsgatan-6-807633
https://www.hemnet.se/salda/bostadsratt-2rum-sodermalm-sofia-stockholms-kommun-bondegatan-46,-4-tr-807715
https://www.hemnet.se/salda/bostadsratt-2rum-sodermalm-hogalid-stockholms-kommun-krukmakargatan-63-807818
https://www.hemnet.se/salda/bostadsratt-2rum-sodermalm-maria-stockholms-kommun-skaraborgsgatan-6b-808131
https://www.hemnet.se/salda/bostadsratt-2rum-sodermalm-maria-magdalena-stockholms-kommun-fatburs-kvarngata-4,-3tr-807726
https://www.hemnet.se/salda/bostadsratt-1rum-sodermalm-stockholms-kommun-ringvagen-131b,-1-tr-gardshus-807809
https://www.hemnet.se/salda/bostadsratt-4rum-sodermalm-sofia-stockholms-kommun-tullgardsgatan-14-808130
https://www.hemnet.se/salda/bostadsratt-2rum-maria-stockholms-kommun-bastugatan-49-807936
https://www.hemnet.se/salda/bostadsratt-2rum-sodermalm-maria-stockholms-kommun-lehusens-grand-2,-6-tr-807668
https://www.hemnet.se/salda/bostadsratt-3rum-sodra-station-stockholms-kommun-fatburs-kvarngata-4,-4tr-810917
https://www.hemnet.se/salda/bostadsratt-2rum-sodermalm-hornstull-stockholms-kommun-hogalidsgatan-34-a-806896
https://www.hemnet.se/salda/bostadsratt-2rum-katarina-sofia-stockholms-kommun-tjustgatan-5-806966
https://www.hemnet.se/salda/bostadsratt-2rum-katarina-stockholms-kommun-ringvagen-86,-1tr-806784
https://www.hemnet.se/salda/bostadsratt-4rum-maria-stockholms-kommun-hornsgatan-47,-5-tr-807022
https://www.hemnet.se/salda/bostadsratt-1,5rum-hogalid-stockholms-kommun-heleneborgsgatan-20-807036
https://www.hemnet.se/salda/bostadsratt-2rum-hogalid-stockholms-kommun-langholmsgatan-3-807061
https://www.hemnet.se/salda/bostadsratt-2rum-katarina-stockholms-kommun-tjustgatan-3,-5-tr-807109
https://www.hemnet.se/salda/bostadsratt-2rum-sodermalm-sofia-stockholms-kommun-malmgardsvagen-18,-1-tr-806424
https://www.hemnet.se/salda/bostadsratt-3rum-hogalid-stockholms-kommun-hornsgatan-117,-6tr-806283
https://www.hemnet.se/salda/bostadsratt-2rum-sodermalm-stockholms-kommun-ringvagen-158,-2tr-807499
https://www.hemnet.se/salda/bostadsratt-3rum-sodermalm-hogalid-stockholms-kommun-hornsgatan-150a,-4tr-806860
https://www.hemnet.se/salda/bostadsratt-1rum-sodermalm-sofia-stockholms-kommun-bjurholmsplan-23,-3-tr-807456
https://www.hemnet.se/salda/bostadsratt-1,5rum-hogalid-stockholms-kommun-anders-reimers-vag-8,-1,5-tr-806317
https://www.hemnet.se/salda/bostadsratt-2rum-sofia-stockholms-kommun-ploggatan-2-806328
https://www.hemnet.se/salda/bostadsratt-2rum-sodermalm-maria-stockholms-kommun-timmermansgatan-18,-2-tr-807305
https://www.hemnet.se/salda/bostadsratt-2rum-sodermalm-stockholms-kommun-timmermansgatan-33,-3tr-806858
https://www.hemnet.se/salda/bostadsratt-2rum-sodermalm-sofia-stockholms-kommun-rutger-fuchsgatan-8a,-5-tr-807447
https://www.hemnet.se/salda/bostadsratt-3rum-sodermalm-stockholms-kommun-bondegatan-4-806428
https://www.hemnet.se/salda/bostadsratt-1,5rum-sodermalm-hogalid-stockholms-kommun-heleneborgsgatan-40-807217
https://www.hemnet.se/salda/bostadsratt-1rum-sodermalm-stockholms-kommun-asogatan-189-806170
https://www.hemnet.se/salda/bostadsratt-1rum-sodermalm-stockholms-kommun-gotgatan-101a-806196
https://www.hemnet.se/salda/bostadsratt-2rum-sodermalm-katarina-stockholms-kommun-eriksdalsgatan-24,-vindsetage-805985
https://www.hemnet.se/salda/bostadsratt-2rum-sodermalm-stockholms-kommun-brannerigatan-5,-4-tr-806091
https://www.hemnet.se/salda/bostadsratt-2rum-sodermalm-katarina-stockholms-kommun-skanegatan-51,-4-tr-805686
https://www.hemnet.se/salda/bostadsratt-3rum-sofia-stockholms-kommun-ploggatan-2-805687
https://www.hemnet.se/salda/bostadsratt-1rum-hogalid-stockholms-kommun-marmorgatan-11,-3-tr-805305
https://www.hemnet.se/salda/bostadsratt-2rum-hornstull-stockholms-kommun-lundagatan-42a-805337
https://www.hemnet.se/salda/bostadsratt-2,5rum-sodermalm-sofia-stockholms-kommun-folkungagatan-112,-3-tr-805061
https://www.hemnet.se/salda/bostadsratt-1rum-sodermalm-maria-stockholms-kommun-fatburs-brunnsgata-21,-5-tr-805170
https://www.hemnet.se/salda/bostadsratt-2rum-sodermalm-hornstull-stockholms-kommun-bergsunds-strand-31,-bv-805210
https://www.hemnet.se/salda/bostadsratt-1,5rum-hornstull-stockholms-kommun-drakenbergsgatan-6,-5-tr-804705
https://www.hemnet.se/salda/bostadsratt-3rum-katarina-stockholms-kommun-asogatan-158,-6tr-804700
https://www.hemnet.se/salda/bostadsratt-2rum-maria-stockholms-kommun-repslagargatan-21-804648
https://www.hemnet.se/salda/bostadsratt-2rum-sodermalm-stockholms-kommun-erstagatan-20-804134
https://www.hemnet.se/salda/bostadsratt-2rum-sodermalm-katarina-stockholms-kommun-bondegatan-46,-4-tr-accepterat-pris-804158
https://www.hemnet.se/salda/bostadsratt-3rum-sodermalm-stockholms-kommun-fatburs-kvarngata-17,-6tr-805707
https://www.hemnet.se/salda/bostadsratt-2rum-sodermalm-stockholms-kommun-brannkyrkagatan-79,-5-tr-804384
https://www.hemnet.se/salda/bostadsratt-1,5rum-katarina-stockholms-kommun-rutger-fuchsgatan-9-803827
https://www.hemnet.se/salda/bostadsratt-1rum-sodermalm-stockholms-kommun-hogalidsgatan-38c,-2tr-803725
https://www.hemnet.se/salda/bostadsratt-1rum-sodermalm-stockholms-kommun-folkskolegatan-6,-1-tr-803752
https://www.hemnet.se/salda/bostadsratt-2rum-sodermalm-katarina-stockholms-kommun-tjustgatan-2,-5-tr-803697
https://www.hemnet.se/salda/bostadsratt-1rum-stockholms-kommun-lindvallsgatan-2-803961
https://www.hemnet.se/salda/bostadsratt-5rum-sodermalm-hogalid-stockholms-kommun-ringvagen-41b,-6-tr-803739
https://www.hemnet.se/salda/bostadsratt-2rum-sodermalm-katarina-stockholms-kommun-katarina-bangata-50,-4-tr-803343
https://www.hemnet.se/salda/bostadsratt-4rum-katarina-stockholms-kommun-bjurholmsgatan-16,-1tr-803300
https://www.hemnet.se/salda/bostadsratt-2rum-katarina-stockholms-kommun-raggatan-8,-hogst-upp-803402
https://www.hemnet.se/salda/bostadsratt-3rum-sofia-stockholms-kommun-tengdahlsgatan-43,-5tr-802603
https://www.hemnet.se/salda/bostadsratt-2rum-sodermalm-stockholms-kommun-bondegatan-3-b-802418
https://www.hemnet.se/salda/bostadsratt-2rum-sodermalm-stockholms-kommun-tjurbergsgatan-36-802394
https://www.hemnet.se/salda/bostadsratt-3rum-sodermalm-maria-magdalena-stockholms-kommun-brannkyrkagatan-42,-3-tr-802404
https://www.hemnet.se/salda/bostadsratt-2rum-sodermalm-stockholms-kommun-folkungagatan-51,-5tr-802786
https://www.hemnet.se/salda/bostadsratt-4,5rum-hogalid-stockholms-kommun-tantogatan-47,-3tr-802343
https://www.hemnet.se/salda/bostadsratt-1,5rum-sodermalm-stockholms-kommun-bondegatan-46,-2tr-802989
https://www.hemnet.se/salda/bostadsratt-2rum-sodermalm-stockholms-kommun-timmermansgatan-37-802252
https://www.hemnet.se/salda/bostadsratt-1rum-maria-stockholms-kommun-maria-prastgardsgata-4,-3-tr-accepterat-pris-802658
https://www.hemnet.se/salda/bostadsratt-3rum-sofo-stockholms-kommun-kocksgatan-29-801912
https://www.hemnet.se/salda/bostadsratt-2rum-sodermalm-sofia-stockholms-kommun-alsnogatan-30,-plan-7-801937
https://www.hemnet.se/salda/bostadsratt-3rum-sodermalm-hornstull-stockholms-kommun-hornsgatan-141-a,-van-7-802312
https://www.hemnet.se/salda/bostadsratt-2,5rum-hornstull-stockholms-kommun-hogalidsgatan-13b-802087
https://www.hemnet.se/salda/bostadsratt-2rum-sodermalm-hogalid-stockholms-kommun-heleneborgsgatan-9a,-4-tr-801635
https://www.hemnet.se/salda/bostadsratt-2rum-hornstull-sodermalm-stockholms-kommun-bergsunds-strand-34,-4tr-801752
https://www.hemnet.se/salda/bostadsratt-2,5rum-sodermalm-hornstull-stockholms-kommun-hogalidsgatan-13b,-4-tr-801755
https://www.hemnet.se/salda/bostadsratt-2rum-sodermalm-stockholms-kommun-bellmansgatan-32-801631
https://www.hemnet.se/salda/bostadsratt-1,5rum-katarina-stockholms-kommun-bjurholmsgatan-14-801379
https://www.hemnet.se/salda/bostadsratt-1rum-hornstull-stockholms-kommun-borgargatan-2,-5-tr-801218
https://www.hemnet.se/salda/bostadsratt-2rum-sodermalm-maria-stockholms-kommun-rosenlundsgatan-20,-5tr-836899
https://www.hemnet.se/salda/bostadsratt-3rum-stockholms-kommun-pokalvagen-4-800758
https://www.hemnet.se/salda/bostadsratt-1rum-hornstull-stockholms-kommun-bergsundsgatan-7,-6-tr-800740
https://www.hemnet.se/salda/bostadsratt-2rum-katarina-stockholms-kommun-alvsborgsgatan-3-800790
https://www.hemnet.se/salda/bostadsratt-1rum-sofia-stockholms-kommun-sagargatan-17,-3tr-accepterat-pris-800631
https://www.hemnet.se/salda/bostadsratt-2,5rum-sodermalm-maria-stockholms-kommun-tavastgatan-26-b,-2-tr-800727
https://www.hemnet.se/salda/bostadsratt-4rum-sodermalm-hogalid-stockholms-kommun-krukmakargatan-24,1-tr-800696
https://www.hemnet.se/salda/bostadsratt-3rum-sodermalm-gotgatsbacken-stockholms-kommun-repslagargatan-23,-7tr-800409
https://www.hemnet.se/salda/bostadsratt-2rum-sodermalm-stockholms-kommun-sodermannagatan-34,-1-2tr-mot-gard-800591
https://www.hemnet.se/salda/bostadsratt-1rum-sodermalm-stockholms-kommun-hogalidsgatan-29,-2-tr-799992
https://www.hemnet.se/salda/bostadsratt-3rum-sodermalm-hornstull-stockholms-kommun-heleneborgsgatan-5-a,-4-tr-800044
https://www.hemnet.se/salda/bostadsratt-1rum-sodermalm-mariatorget-stockholms-kommun-brannkyrkagatan-46,-4tr-799948
https://www.hemnet.se/salda/bostadsratt-1rum-hogalid-stockholms-kommun-heleneborgsgatan-25-a,-2-tr-799719
https://www.hemnet.se/salda/bostadsratt-5,5rum-sodermalm-hogalid-stockholms-kommun-bysistorget-4,-2-tr-799588
https://www.hemnet.se/salda/bostadsratt-1,5rum-sodermalm-katarina-stockholms-kommun-renstiernas-gata-20,-1-tr-799562
https://www.hemnet.se/salda/bostadsratt-1rum-sodermalm-katarina-stockholms-kommun-blekingegatan-40-a,-3-tr-801411
https://www.hemnet.se/salda/bostadsratt-1rum-sodermalm-katarina-stockholms-kommun-helgagatan-36b,-entreplan-799599
https://www.hemnet.se/salda/bostadsratt-2rum-sodermalm-stockholms-kommun-gotgatan-100,-1-tr-799799
https://www.hemnet.se/salda/bostadsratt-2rum-mariaberget-stockholms-kommun-tavastgatan-29c-799117
https://www.hemnet.se/salda/bostadsratt-1rum-hogalid-stockholms-kommun-brannkyrkagatan-81-799124
https://www.hemnet.se/salda/bostadsratt-2,5rum-katarina-stockholms-kommun-folkungagatan-76-a,-2tr,-accepterat-pris-799011
https://www.hemnet.se/salda/bostadsratt-1rum-sodermalm-stockholms-kommun-bondegatan-3d,-gardshus-798548
https://www.hemnet.se/salda/bostadsratt-1rum-hogalid-stockholms-kommun-lundagatan-36b,-4tr-798631
https://www.hemnet.se/salda/bostadsratt-3rum-sodermalm-hornstull-stockholms-kommun-zinkens-vag-37,-6-tr-799377
https://www.hemnet.se/salda/bostadsratt-3rum-sodermalm-stockholms-kommun-ringvagen-108,-2-tr-799364
https://www.hemnet.se/salda/bostadsratt-2rum-sodermalm-hogalid-stockholms-kommun-hornsgatan-94,-4-tr-798851
https://www.hemnet.se/salda/bostadsratt-1,5rum-sodermalm-hogalid-stockholms-kommun-tobaksspinnargatan-1-798901
https://www.hemnet.se/salda/bostadsratt-2rum-sodermalm-stockholms-kommun-kristinehovsgatan-5b,-1-tr-798871
https://www.hemnet.se/salda/bostadsratt-1rum-katarina-stockholms-kommun-metargatan-5-798580
https://www.hemnet.se/salda/bostadsratt-2,5rum-sodermalm-stockholms-kommun-sodermannagatan-52,-4tr-798616
https://www.hemnet.se/salda/bostadsratt-5rum-katarina-stockholms-kommun-gotgatan-122,-2tr-798636
https://www.hemnet.se/salda/bostadsratt-1rum-sodermalm-katarina-stockholms-kommun-grindsgatan-31,-2-tr-798830
https://www.hemnet.se/salda/bostadsratt-2rum-sodermalm-sofo-stockholms-kommun-asogatan-127,-4-tr-799990
https://www.hemnet.se/salda/bostadsratt-3rum-sodermalm-stockholms-kommun-bergsunds-strand-27,-3tr-798870
https://www.hemnet.se/salda/bostadsratt-1rum-sodermalm-stockholms-kommun-bergsundsgatan-12-798802
https://www.hemnet.se/salda/bostadsratt-2rum-sodermalm-hogalid-stockholms-kommun-bergsundsgatan-16,-2-tr-798772
https://www.hemnet.se/salda/bostadsratt-2rum-sodermalm-sofia-stockholms-kommun-klippgatan-14-b,-3-tr-799128
https://www.hemnet.se/salda/bostadsratt-2rum-sodermalm-hornstull-stockholms-kommun-hornsgatan-158-a-798821
https://www.hemnet.se/salda/bostadsratt-2rum-sodermalm-stockholms-kommun-ringvagen-86-798814
https://www.hemnet.se/salda/bostadsratt-3rum-sodermalm-sofia-stockholms-kommun-gruvbacken-6,-4-tr-798756
https://www.hemnet.se/salda/bostadsratt-1rum-sodermalm-stockholms-kommun-bergsunds-strand-15,-7-tr-798800
https://www.hemnet.se/salda/bostadsratt-3rum-sodermalm-mariatorget-stockholms-kommun-bellmansgatan-19-798685
https://www.hemnet.se/salda/bostadsratt-2,5rum-sodermalm-hornstull-stockholms-kommun-verkstadsgatan-11-798122
https://www.hemnet.se/salda/bostadsratt-4rum-sodermalm-katarina-stockholms-kommun-tideliusgatan-39,-4-tr-798491
https://www.hemnet.se/salda/bostadsratt-4rum-sodermalm-sofia-stockholms-kommun-duvnasgatan-1-798127
https://www.hemnet.se/salda/bostadsratt-1rum-sodermalm-hogalid-stockholms-kommun-folkskolegatan-3-798526
https://www.hemnet.se/salda/bostadsratt-2rum-sodermalm-maria-stockholms-kommun-sankt-paulsgatan-28-a,-1-tr-798689
https://www.hemnet.se/salda/bostadsratt-3rum-sodermalm-maria-stockholms-kommun-hornsgatan-45,-5tr-798186
https://www.hemnet.se/salda/bostadsratt-2rum-sodermalm-katarina-stockholms-kommun-gotlandsgatan-68-798185
https://www.hemnet.se/salda/bostadsratt-3rum-sodermalm-sofia-stockholms-kommun-bohusgatan-47-798184
https://www.hemnet.se/salda/bostadsratt-1,5rum-sodermalm-hornstull-stockholms-kommun-bergsunds-strand-9,-5tr-798343
https://www.hemnet.se/salda/bostadsratt-1rum-reimersholme-stockholms-kommun-vindragarvagen-10-797813
https://www.hemnet.se/salda/bostadsratt-1rum-sodermalm-stockholms-kommun-skanegatan-105-a-797932
https://www.hemnet.se/salda/bostadsratt-1,5rum-sodermalm-mariaberget-stockholms-kommun-tavastgatan-18,-2tr-797608
https://www.hemnet.se/salda/bostadsratt-1,5rum-sodermalm-maria-stockholms-kommun-tavastgatan-13,-3-tr-797681
https://www.hemnet.se/salda/bostadsratt-1rum-sodermalm-sofia-stockholms-kommun-klippgatan-14h-797614
https://www.hemnet.se/salda/bostadsratt-1,5rum-sodermalm-katarina-stockholms-kommun-hallandsgatan-46b-797653
https://www.hemnet.se/salda/bostadsratt-2rum-sodermalm-sofia-stockholms-kommun-ploggatan-18,-4-tr-hogst-upp-797610
https://www.hemnet.se/salda/bostadsratt-1,5rum-sodermalm-stockholms-kommun-heleneborgsgatan-20,-2tr-797980
https://www.hemnet.se/salda/bostadsratt-2rum-hornstull-sodermalm-stockholms-kommun-bergsundsgatan-21,-4tr-797493
https://www.hemnet.se/salda/bostadsratt-3rum-sodermalm-maria-stockholms-kommun-bellmansgatan-32-797425
https://www.hemnet.se/salda/bostadsratt-4rum-maria-stockholms-kommun-maria-prastgardsgata-37,-1-2-tr-797381
https://www.hemnet.se/salda/bostadsratt-2,5rum-sodermalm-stockholms-kommun-asogatan-135,-4tr-797252
https://www.hemnet.se/salda/bostadsratt-2rum-sodermalm-katarina-stockholms-kommun-gotgatan-106,-4-tr-797289
https://www.hemnet.se/salda/bostadsratt-3rum-katarina-stockholms-kommun-moregatan-8-796882
https://www.hemnet.se/salda/bostadsratt-4rum-sofia-stockholms-kommun-gotgatan-120-796900
https://www.hemnet.se/salda/bostadsratt-2rum-katarina-stockholms-kommun-ringvagen-155,-5-tr-796980
https://www.hemnet.se/salda/bostadsratt-1rum-katarina-stockholms-kommun-blekingegatan-12-796987
https://www.hemnet.se/salda/bostadsratt-1rum-mariaberget-stockholms-kommun-bastugatan-25,-2tr-796961
https://www.hemnet.se/salda/bostadsratt-3rum-sofia-stockholms-kommun-ploggatan-2,-2-tr-796911
https://www.hemnet.se/salda/bostadsratt-2rum-sodermalm-maria-magdalena-stockholms-kommun-kattgrand-8-796707
https://www.hemnet.se/salda/bostadsratt-3rum-sodermalm-stockholms-kommun-tengdahlsgatan-45-796677
https://www.hemnet.se/salda/bostadsratt-2rum-sodermalm-hogalid-stockholms-kommun-lundagatan-44-d,-3tr-797344
https://www.hemnet.se/salda/bostadsratt-1rum-sodermalm-katarina-stockholms-kommun-hallandsgatan-28,-3-tr-796739
https://www.hemnet.se/salda/bostadsratt-2rum-sodermalm-maria-stockholms-kommun-bysistorget-6-796603
https://www.hemnet.se/salda/bostadsratt-3rum-sodermalm-medborgarplatsen-sodra-station-stockholms-kommun-vastgotagrand-5,-5tr-796593
https://www.hemnet.se/salda/bostadsratt-2rum-sodermalm-stockholms-kommun-gotgatan-81,-3tr-796557
https://www.hemnet.se/salda/bostadsratt-4rum-sodermalm-stockholms-kommun-gotgatan-108-796711
https://www.hemnet.se/salda/bostadsratt-4,5rum-sodermalm-katarina-stockholms-kommun-natgrand-1-797424
https://www.hemnet.se/salda/bostadsratt-4rum-hornstull-stockholms-kommun-hornsgatan-119,-4-tr-drakenbergsgatan-22,-5-tr-796704
https://www.hemnet.se/salda/bostadsratt-2rum-stockholms-kommun-samaritgrand-6-796666
https://www.hemnet.se/salda/bostadsratt-4rum-maria-stockholms-kommun-maria-prastgardsgata-27,-4-tr-796770
https://www.hemnet.se/salda/bostadsratt-1rum-katarina-stockholms-kommun-ringvagen-84-796308
https://www.hemnet.se/salda/bostadsratt-2rum-katarina-stockholms-kommun-asogatan-96,-5-tr-796278
https://www.hemnet.se/salda/bostadsratt-4rum-katarina-stockholms-kommun-ringvagen-70,-8-tr-796253
https://www.hemnet.se/salda/bostadsratt-1rum-katarina-stockholms-kommun-tjarhovsgatan-22-796293
https://www.hemnet.se/salda/bostadsratt-3rum-katarina-stockholms-kommun-moregatan-4,-3tr-796317
https://www.hemnet.se/salda/bostadsratt-2,5rum-katarina-stockholms-kommun-tideliusgatan-29-796318
https://www.hemnet.se/salda/bostadsratt-4rum-sodermalm-stockholms-kommun-bastugatan-57-796016
https://www.hemnet.se/salda/bostadsratt-2rum-sodermalm-katarina-stockholms-kommun-moregatan-10,-4-tr-796023
https://www.hemnet.se/salda/bostadsratt-1rum-sodermalm-stockholms-kommun-bjurholmsplan-27-796055
https://www.hemnet.se/salda/bostadsratt-1rum-sodermalm-stockholms-kommun-metargatan-7-fast-pris-795851
https://www.hemnet.se/salda/bostadsratt-1rum-sodermalm-hornstull-stockholms-kommun-heleneborgsgatan-36-b,-1-tr-798006
https://www.hemnet.se/salda/bostadsratt-2rum-sodermalm-hogalid-stockholms-kommun-slipgatan-5-796129
https://www.hemnet.se/salda/bostadsratt-4rum-hogalid-stockholms-kommun-tantogatan-45,-9-tr-795565
https://www.hemnet.se/salda/bostadsratt-1,5rum-sodermalm-stockholms-kommun-ljusterogatan-5,-4tr-795448
https://www.hemnet.se/salda/bostadsratt-3,5rum-sodermalm-stockholms-kommun-rosenlundsgatan-20,-3-tr-795888
https://www.hemnet.se/salda/bostadsratt-2rum-sodermalm-stockholms-kommun-maria-prastgardsgata-26-795391
https://www.hemnet.se/salda/bostadsratt-4rum-sodermalm-stockholms-kommun-tantogatan-43,-3-tr-795480
https://www.hemnet.se/salda/bostadsratt-2,5rum-sodermalm-stockholms-kommun-hornsgatan-113,-5-tr-795479
https://www.hemnet.se/salda/bostadsratt-2rum-sodermalm-stockholms-kommun-heleneborgsgatan-25-b,-4-tr-795389
https://www.hemnet.se/salda/bostadsratt-3rum-sodermalm-sofia-stockholms-kommun-tengdahlsgatan-41-795493
https://www.hemnet.se/salda/bostadsratt-3rum-stockholms-innerstad-stockholms-kommun-bellmansgatan-38-795444
https://www.hemnet.se/salda/bostadsratt-1rum-sodermalm-stockholms-kommun-hogalidsgatan-31,-van-2-795289
https://www.hemnet.se/salda/bostadsratt-1rum-sodermalm-katarina-stockholms-kommun-narkesgatan-2,-4-tr-795663
https://www.hemnet.se/salda/bostadsratt-2rum-sodermalm-stockholms-kommun-gotlandsgatan-37-795379
https://www.hemnet.se/salda/bostadsratt-2,5rum-sodermalm-stockholms-kommun-wollmar-yxkullsgatan-40,-4-tr-795208
https://www.hemnet.se/salda/bostadsratt-2rum-sodermalm-stockholms-kommun-bergsundsgatan-4,-1,5-tr-795213
https://www.hemnet.se/salda/bostadsratt-1,5rum-katarina-stockholms-kommun-bondegatan-50,-4-tr-794470
https://www.hemnet.se/salda/bostadsratt-2rum-sodermalm-hogalid-stockholms-kommun-lorensbergsgatan-1a-794425
https://www.hemnet.se/salda/bostadsratt-3rum-sodermalm-hogalid-stockholms-kommun-krukmakargatan-48,-1-tr-og-794402
https://www.hemnet.se/salda/bostadsratt-3rum-sodermalm-hogalid-hornstull-stockholms-kommun-kristinehovsgatan-5-b,-4-tr-794557
https://www.hemnet.se/salda/bostadsratt-3rum-maria-stockholms-kommun-maria-bangata-13,-7tr-794336
https://www.hemnet.se/salda/bostadsratt-1rum-sodermalm-stockholms-kommun-folkskolegatan-6-hogst-upp-794187
https://www.hemnet.se/salda/bostadsratt-1rum-sodermalm-stockholms-kommun-katarina-bangata-62,-4-tr-794189
https://www.hemnet.se/salda/bostadsratt-1rum-sofia-stockholms-kommun-klippgatan-14-c-794222
https://www.hemnet.se/salda/bostadsratt-2rum-sodermalm-katarina-stockholms-kommun-gotgatan-96a,-2-tr-794058
https://www.hemnet.se/salda/bostadsratt-2rum-sodermalm-katarina-stockholms-kommun-raggatan-10,-2-tr-794064
https://www.hemnet.se/salda/bostadsratt-1rum-sodermalm-sofia-stockholms-kommun-metargatan-13-794091
https://www.hemnet.se/salda/bostadsratt-2rum-sodermalm-mariatorget-stockholms-kommun-tavastgatan-22,-4-4tr-794090
https://www.hemnet.se/salda/bostadsratt-2rum-sodermalm-katarina-stockholms-kommun-bjurholmsgatan-12,-6-tr-794063
https://www.hemnet.se/salda/bostadsratt-2rum-sodermalm-hornstull-stockholms-kommun-heleneborgsgatan-7a,-3-tr-794043
https://www.hemnet.se/salda/bostadsratt-2rum-sodermalm-maria-magdalena-stockholms-kommun-sankt-paulsgatan-28b,-1-tr-794059
https://www.hemnet.se/salda/bostadsratt-1,5rum-maria-stockholms-kommun-timmermansgatan-38-b,-4-tr-793792
https://www.hemnet.se/salda/bostadsratt-2rum-hornstull-stockholms-kommun-heleneborgsgatan-46,-6tr-vindsvaning-793756
https://www.hemnet.se/salda/bostadsratt-1rum-sodermalm-stockholms-kommun-bondegatan-79-793972
https://www.hemnet.se/salda/bostadsratt-2rum-sodermalm-katarina-stockholms-kommun-ringvagen-83a,-gardshus-793275
https://www.hemnet.se/salda/bostadsratt-2rum-sodermalm-stockholms-kommun-ringvagen-161-793377
https://www.hemnet.se/salda/bostadsratt-2rum-stockholms-kommun-ringvagen-161-793467
https://www.hemnet.se/salda/bostadsratt-2rum-sodermalm-katarina-stockholms-kommun-sodermannagatan-34,-3tr-794023
https://www.hemnet.se/salda/bostadsratt-1rum-sodermalm-maria-stockholms-kommun-tavastgatan-18,-1-tr-793893
https://www.hemnet.se/salda/bostadsratt-2rum-sodermalm-stockholms-kommun-doktor-abelins-gata-4,-1-tr-793451
https://www.hemnet.se/salda/bostadsratt-5rum-sodermalm-maria-magdalena-stockholms-kommun-maria-skolgata-77a,-6-tr-795244
https://www.hemnet.se/salda/bostadsratt-2,5rum-hornstull-stockholms-kommun-bergsundsgatan-4-793609
https://www.hemnet.se/salda/bostadsratt-1rum-sofia-stockholms-kommun-katarina-bangata-69,-3-tr-793597
https://www.hemnet.se/salda/bostadsratt-2rum-sodermalm-katarina-stockholms-kommun-olandsgatan-46,-4tr-792962
https://www.hemnet.se/salda/bostadsratt-2rum-hogalid-stockholms-kommun-langholmsgatan-9d,-4tr-792781
https://www.hemnet.se/salda/bostadsratt-3rum-sodermalm-hogalid-stockholms-kommun-ringvagen-11f,-3-tr-792864
https://www.hemnet.se/salda/bostadsratt-3rum-sodermalm-reimersholme-stockholms-kommun-reimersholmsgatan-23-793006
https://www.hemnet.se/salda/bostadsratt-2rum-sodermalm-mariatorget-stockholms-kommun-wollmar-yxkullsgatan-11-a-792876
https://www.hemnet.se/salda/bostadsratt-3rum-maria-stockholms-kommun-swedenborgsgatan-23,-5tr-792712
https://www.hemnet.se/salda/bostadsratt-3rum-sodermalm-stockholms-kommun-wollmar-yxkullsgatan-7-793168
https://www.hemnet.se/salda/bostadsratt-1rum-sodermalm-stockholms-kommun-folkungagatan-53-793162
https://www.hemnet.se/salda/bostadsratt-3rum-sodermalm-katarina-stockholms-kommun-ringvagen-135,-5-tr-794022
https://www.hemnet.se/salda/bostadsratt-1rum-sodermalm-stockholms-kommun-bondegatan-81,-3-tr-792932
https://www.hemnet.se/salda/bostadsratt-1rum-sodermalm-katarina-stockholms-kommun-blekingegatan-20,-5-tr-792834
https://www.hemnet.se/salda/bostadsratt-1rum-sodermalm-stockholms-kommun-lundagatan-42b,-2tr-792770
https://www.hemnet.se/salda/bostadsratt-2rum-sodermalm-hogalid-stockholms-kommun-heleneborgsgatan-14,-2-tr-801456
https://www.hemnet.se/salda/bostadsratt-1rum-sodermalm-hornstull-stockholms-kommun-hogalidsgatan-32a,-5-tr-792916
https://www.hemnet.se/salda/bostadsratt-3rum-sodermalm-stockholms-kommun-repslagargatan-25,-3,5-tr-792833
https://www.hemnet.se/salda/bostadsratt-1rum-katarina-stockholms-kommun-blekingegatan-20-a,-4tr-gardshus-792445
https://www.hemnet.se/salda/bostadsratt-2rum-katarina-stockholms-kommun-bondegatan-16d,-4tr-o,g-792476
https://www.hemnet.se/salda/bostadsratt-4rum-hornstull-stockholms-kommun-hornsgatan-141-c,-4-tr-792401
https://www.hemnet.se/salda/bostadsratt-2rum-hogalid-stockholms-kommun-ringvagen-14-792421
https://www.hemnet.se/salda/bostadsratt-2rum-sodermalm-maria-magdalena-stockholms-kommun-krukmakargatan-2,-5-5-tr-792272
https://www.hemnet.se/salda/bostadsratt-2rum-sofia-stockholms-kommun-gotgatan-101a,-3-tr-792141
https://www.hemnet.se/salda/bostadsratt-3rum-sodermalm-stockholms-kommun-tavastgatan-26a,-2,5tr-770224
https://www.hemnet.se/salda/bostadsratt-2rum-sodermalm-stockholms-kommun-wollmar-yxkullsgatan-48d,-3-tr-792307
https://www.hemnet.se/salda/bostadsratt-1,5rum-katarina-stockholms-kommun-bondegatan-3d-792070
https://www.hemnet.se/salda/bostadsratt-5rum-sodermalm-stockholms-kommun-hogalidsgatan-38d,-vind-792288
https://www.hemnet.se/salda/bostadsratt-2rum-sodermalm-sofia-stockholms-kommun-asogatan-194,-2-tr-792487
https://www.hemnet.se/salda/bostadsratt-2rum-sodermalm-maria-stockholms-kommun-maria-prastgardsgata-24,-3tr-792486
https://www.hemnet.se/salda/bostadsratt-3rum-hornstull-stockholms-kommun-heleneborgsgatan-26-791813
https://www.hemnet.se/salda/bostadsratt-1rum-sodermalm-stockholms-kommun-tjustgatan-2,-3-tr-791765
https://www.hemnet.se/salda/bostadsratt-2rum-sofia-stockholms-kommun-malmgardsvagen-32a,-hogst-upp-791647
https://www.hemnet.se/salda/bostadsratt-1,5rum-nytorget-sodermalm-stockholms-kommun-gotlandsgatan-64,-2,5-tr-791737
https://www.hemnet.se/salda/bostadsratt-1,5rum-sodermalm-stockholms-kommun-ringvagen-86,-3-tr-791654
https://www.hemnet.se/salda/bostadsratt-3rum-sodermalm-maria-stockholms-kommun-maria-prastgardsgata-19-791797
https://www.hemnet.se/salda/bostadsratt-3rum-stockholms-kommun-ostgotagatan-19-791795
https://www.hemnet.se/salda/bostadsratt-1,5rum-skanstull-stockholms-kommun-olandsgatan-44,-4-tr-792041
https://www.hemnet.se/salda/bostadsratt-3rum-katarina-stockholms-kommun-tjurbergsgatan-27a,-3tr-791649
https://www.hemnet.se/salda/bostadsratt-3rum-sodermalm-katarina-stockholms-kommun-bjurholmsgatan-12,-4tr-791663
https://www.hemnet.se/salda/bostadsratt-1rum-sodermalm-stockholms-kommun-moregatan-7-791746
https://www.hemnet.se/salda/bostadsratt-1,5rum-sodermalm-mosebacke-stockholms-kommun-ostgotagatan-29-og-791766
https://www.hemnet.se/salda/bostadsratt-2rum-maria-stockholms-kommun-swedenborgsgatan-28,-6tr-791401
https://www.hemnet.se/salda/bostadsratt-2rum-sodermalm-stockholms-kommun-vickergatan-9,-3-tr-791978
https://www.hemnet.se/salda/bostadsratt-2rum-reimersholme-stockholms-kommun-anders-reimers-vag-15,-2tr-792097
https://www.hemnet.se/salda/bostadsratt-1rum-sodermalm-hogalid-stockholms-kommun-wollmar-yxkullsgatan-38,-2-tr-791281
https://www.hemnet.se/salda/bostadsratt-2,5rum-hornstull-stockholms-kommun-hornsgatan-150-a-791315
https://www.hemnet.se/salda/bostadsratt-2rum-hogalid-stockholms-kommun-tantogatan-47,-6-tr-791331
https://www.hemnet.se/salda/bostadsratt-2rum-sodermalm-hogalid-stockholms-kommun-heleneborgsgatan-6a,-1tr-791046
https://www.hemnet.se/salda/bostadsratt-1rum-sodermalm-hornstull-stockholms-kommun-bergsundsgatan-16-799736
https://www.hemnet.se/salda/bostadsratt-2rum-sodermalm-maria-magdalena-stockholms-kommun-maria-prastgardsgata-19b-og-790925
https://www.hemnet.se/salda/bostadsratt-2rum-katarina-sofia-stockholms-kommun-kocksgatan-51,-3,5-tr,-o,g,-790924
https://www.hemnet.se/salda/bostadsratt-2rum-sodermalm-stockholms-kommun-hornsgatan-60,-5tr-790278
https://www.hemnet.se/salda/bostadsratt-2rum-sodermalm-maria-stockholms-kommun-skaraborgsgatan-6-a-790617
https://www.hemnet.se/salda/bostadsratt-2rum-katarina-sofia-stockholms-kommun-blekingegatan-61a-790424
https://www.hemnet.se/salda/bostadsratt-1rum-sodermalm-stockholms-kommun-wollmar-yxkullsgatan-5a,-2tr-790431
https://www.hemnet.se/salda/bostadsratt-1rum-hogalid-stockholms-kommun-lundagatan-38a,-4tr-790208
https://www.hemnet.se/salda/bostadsratt-2rum-sodermalm-helgalunden-stockholms-kommun-helgagatan-36l,-2tr-790242
https://www.hemnet.se/salda/bostadsratt-2rum-sodermalm-stockholms-kommun-asogatan-102,-3-tr-790841
https://www.hemnet.se/salda/bostadsratt-3rum-sodermalm-stockholms-kommun-wollmar-yxkullsgatan-4,-1tr-790183
https://www.hemnet.se/salda/bostadsratt-6rum-sodermalm-stockholms-kommun-palsundsgatan-3a-790266
https://www.hemnet.se/salda/bostadsratt-2rum-sodermalm-stockholms-kommun-skaraborgsgatan-10,-3tr-790619
https://www.hemnet.se/salda/bostadsratt-1rum-katarina-stockholms-kommun-sodermannagatan-31,-4-tr-790526
https://www.hemnet.se/salda/bostadsratt-4rum-hogalid-stockholms-kommun-krukmakargatan-58,-4tr-789877
https://www.hemnet.se/salda/bostadsratt-2rum-hogalid-stockholms-kommun-hogalidsgatan-29-789938
https://www.hemnet.se/salda/bostadsratt-2rum-maria-stockholms-kommun-bjorngardsgatan-11-789842
https://www.hemnet.se/salda/bostadsratt-3rum-katarina-stockholms-kommun-gotlandsgatan-37,-5-tr-789847
https://www.hemnet.se/salda/bostadsratt-2rum-hornstull-stockholms-kommun-varvsgatan-6,-4-tr-789834
https://www.hemnet.se/salda/bostadsratt-2rum-sodermalm-stockholms-kommun-varvsgatan-6,-1,5-tr-789742
https://www.hemnet.se/salda/bostadsratt-1rum-sodermalm-sofia-stockholms-kommun-asogatan-174,-2tr-791668
https://www.hemnet.se/salda/bostadsratt-3rum-sodermalm-mariatorget-stockholms-kommun-maria-prastgardsgata-1d,-1-tr-790968
https://www.hemnet.se/salda/bostadsratt-1rum-katarina-stockholms-kommun-tjurbergsgatan-27b-789497
https://www.hemnet.se/salda/bostadsratt-1rum-reimersholme-sodermalm-stockholms-kommun-anders-reimers-vag-9,-3tr-789581
https://www.hemnet.se/salda/bostadsratt-1rum-sodermalm-hogalid-stockholms-kommun-hogalidsgatan-32-c,-4-tr-789701
https://www.hemnet.se/salda/bostadsratt-2rum-sodermalm-sofia-stockholms-kommun-nackagatan-27-789747
https://www.hemnet.se/salda/bostadsratt-4rum-sodermalm-sofia-stockholms-kommun-alsnogatan-22-790283
https://www.hemnet.se/salda/bostadsratt-2rum-sodermalm-stockholms-kommun-ringvagen-79,-5tr-790145
https://www.hemnet.se/salda/bostadsratt-2rum-sodermalm-katarina-stockholms-kommun-vickergatan-11,-3-tr,-accepterat-pris-789731
https://www.hemnet.se/salda/bostadsratt-1rum-sodermalm-stockholms-kommun-hogalidsgatan-31,-1-tr-789756
https://www.hemnet.se/salda/bostadsratt-1rum-sodermalm-sofia-stockholms-kommun-nytorgsgatan-33-790150
https://www.hemnet.se/salda/bostadsratt-2rum-maria-stockholms-kommun-ludvigsbergsgatan-1-789246
https://www.hemnet.se/salda/bostadsratt-1,5rum-hogalid-stockholms-kommun-brannkyrkagatan-92-789339
https://www.hemnet.se/salda/bostadsratt-2rum-hornstull-stockholms-kommun-lindvallsgatan-2,-7tr-789277
https://www.hemnet.se/salda/bostadsratt-2rum-sodermalm-medborgarplatsen-stockholms-kommun-vastgotagrand-1a,-2-tr-788842
https://www.hemnet.se/salda/bostadsratt-1rum-sodermalm-stockholms-kommun-asogatan-96,-2tr-789355
https://www.hemnet.se/salda/bostadsratt-2rum-sodermalm-sofo-stockholms-kommun-ostgotagatan-68,-1,5-tr-789024
https://www.hemnet.se/salda/bostadsratt-2rum-hogalid-stockholms-kommun-ringvagen-4,-nb-mot-gard-788873
https://www.hemnet.se/salda/bostadsratt-1,5rum-katarina-sofo-stockholms-kommun-gotlandsgatan-64,-4tr-789603
https://www.hemnet.se/salda/bostadsratt-4rum-sofia-stockholms-kommun-fargargardstorget-14-788530
https://www.hemnet.se/salda/bostadsratt-2rum-sodermalm-stockholms-kommun-timotejgatan-8-789965
https://www.hemnet.se/salda/bostadsratt-2rum-sodermalm-stockholms-kommun-asogatan-92-788935
https://www.hemnet.se/salda/bostadsratt-1rum-sodermalm-sofo-stockholms-kommun-katarina-bangata-19,-2,5-tr-789020
https://www.hemnet.se/salda/bostadsratt-3rum-sodermalm-katarina-stockholms-kommun-folkungagatan-96-789066
https://www.hemnet.se/salda/bostadsratt-2rum-hogalid-stockholms-kommun-hogalidsgatan-38-b,-5-tr-789116
https://www.hemnet.se/salda/bostadsratt-1rum-hogalid-stockholms-kommun-verkstadsgatan-10,-3tr-789121
https://www.hemnet.se/salda/bostadsratt-1,5rum-hornstull-stockholms-kommun-bergsundsgatan-7-789103
https://www.hemnet.se/salda/bostadsratt-1,5rum-katarina-stockholms-kommun-grindsgatan-29-789149
https://www.hemnet.se/salda/bostadsratt-2rum-sodermalm-hogalid-stockholms-kommun-krukmakargatan-62,-3-3-tr-788635
https://www.hemnet.se/salda/bostadsratt-1rum-sodermalm-sofo-stockholms-kommun-gotlandsgatan-60,-2-tr-788802
https://www.hemnet.se/salda/bostadsratt-2rum-sodermalm-hogalid-stockholms-kommun-lindvallsplan-4-788675
https://www.hemnet.se/salda/bostadsratt-1rum-sodermalm-sofia-stockholms-kommun-metargatan-7-788522
https://www.hemnet.se/salda/bostadsratt-2rum-sodermalm-stockholms-kommun-bergsunds-strand-15,-4-tr-788658
https://www.hemnet.se/salda/bostadsratt-2rum-sodermalm-hornstull-stockholms-kommun-heleneborgsgatan-20-817151
https://www.hemnet.se/salda/bostadsratt-3rum-maria-gamla-stan-hogalid-stockholms-kommun-hornsgatan-119,-5tr-788664
https://www.hemnet.se/salda/bostadsratt-2rum-reimersholme-stockholms-kommun-anders-reimers-vag-15-788581
https://www.hemnet.se/salda/bostadsratt-2rum-sodermalm-sofo-stockholms-kommun-gruvbacken-2-788579
https://www.hemnet.se/salda/bostadsratt-2rum-sodermalm-hornstull-stockholms-kommun-hornsgatan-142,-4-tr-788629
https://www.hemnet.se/salda/bostadsratt-3rum-sodermalm-hogalid-stockholms-kommun-brannkyrkagatan-90a,-o,g,-788676
https://www.hemnet.se/salda/bostadsratt-2rum-maria-stockholms-kommun-skaraborgsgatan-9-788301
https://www.hemnet.se/salda/bostadsratt-2,5rum-sodermalm-mariatorget-stockholms-kommun-bysistorget-4,-5tr-795675
https://www.hemnet.se/salda/bostadsratt-2rum-sodermalm-stockholms-kommun-lindvallsplan-4-788086
https://www.hemnet.se/salda/bostadsratt-2rum-sodermalm-stockholms-kommun-gotgatan-101,-4-tr-788328
https://www.hemnet.se/salda/bostadsratt-2rum-sodermalm-hornstull-stockholms-kommun-folkskolegatan-6,-2tr-788135
https://www.hemnet.se/salda/bostadsratt-2rum-sodermalm-hornstull-stockholms-kommun-heleneborgsgatan-36-b,-5-tr-788458
https://www.hemnet.se/salda/bostadsratt-1,5rum-sodermalm-katarina-stockholms-kommun-kocksgatan-22,-1-tr-og-788347
https://www.hemnet.se/salda/bostadsratt-2rum-maria-stockholms-kommun-wollmar-yxkullsgatan-12,-3tr-788028
https://www.hemnet.se/salda/bostadsratt-5rum-katarina-stockholms-kommun-helgalunden-1,-3-tr-788023
https://www.hemnet.se/salda/bostadsratt-3,5rum-sodermalm-stockholms-kommun-verkstadsgatan-9,-5-tr-788013
https://www.hemnet.se/salda/bostadsratt-3,5rum-sodermalm-katarina-stockholms-kommun-gotgatan-94,-4-tr-787881
https://www.hemnet.se/salda/bostadsratt-3rum-sodermalm-hogalid-stockholms-kommun-ludvigsbergsgatan-33,-5-tr-788003
https://www.hemnet.se/salda/bostadsratt-2rum-sodermalm-stockholms-kommun-ringvagen-60,-5-tr-787836
https://www.hemnet.se/salda/bostadsratt-4rum-hogalid-stockholms-kommun-ringvagen-9a,-6tr-788273
https://www.hemnet.se/salda/bostadsratt-2,5rum-sodermalm-stockholms-kommun-mosebacke-torg-14-836925
https://www.hemnet.se/salda/bostadsratt-1rum-sodermalm-stockholms-kommun-brannkyrkagatan-93-787237
https://www.hemnet.se/salda/bostadsratt-2rum-sodermalm-stockholms-kommun-tobaksspinnargatan-10,-5tr-787437
https://www.hemnet.se/salda/bostadsratt-2rum-sodermalm-katarina-stockholms-kommun-sodermannagatan-21-787424
https://www.hemnet.se/salda/bostadsratt-2rum-sodermalm-stockholms-kommun-folkungagatan-101-787339
https://www.hemnet.se/salda/bostadsratt-3rum-sodermalm-maria-magdalena-stockholms-kommun-vastgotagrand-3,-5-tr-787352
https://www.hemnet.se/salda/bostadsratt-1rum-sodermalm-hogalid-stockholms-kommun-hogalidsgatan-34c,-2-tr,-og-787345
https://www.hemnet.se/salda/bostadsratt-1rum-sodermalm-stockholms-kommun-hallandsgatan-46a,-3tr-788091
https://www.hemnet.se/salda/bostadsratt-2rum-sodermalm-nytorget-stockholms-kommun-kocksgatan-42,-1tr-787384
https://www.hemnet.se/salda/bostadsratt-3rum-sodermalm-sofo-stockholms-kommun-blekingegatan-38,-2tr-787414
https://www.hemnet.se/salda/bostadsratt-4rum-hogalid-stockholms-kommun-tantogatan-67-786920
https://www.hemnet.se/salda/bostadsratt-1rum-sodermalm-stockholms-kommun-hallandsgatan-26-786802
https://www.hemnet.se/salda/bostadsratt-2rum-sodermalm-katarina-stockholms-kommun-gotgatan-106,-5-tr-787258
https://www.hemnet.se/salda/bostadsratt-2,5rum-sodermalm-sofo-stockholms-kommun-katarina-bangata-49,-1tr-787011
https://www.hemnet.se/salda/bostadsratt-4rum-sodermalm-hogalid-stockholms-kommun-ringvagen-39-a,-1-2-tr,-gardshuset-786841
https://www.hemnet.se/salda/bostadsratt-1rum-sodermalm-stockholms-kommun-kocksgatan-25-786814
https://www.hemnet.se/salda/bostadsratt-2rum-sodermalm-hornstull-stockholms-kommun-hogalidsgatan-38d-786795
https://www.hemnet.se/salda/bostadsratt-4rum-reimersholme-stockholms-kommun-reimersholmsgatan-53-786858
https://www.hemnet.se/salda/bostadsratt-1rum-sodermalm-stockholms-kommun-ringvagen-155,-5tr-786701
https://www.hemnet.se/salda/bostadsratt-1rum-sodermalm-hogalid-stockholms-kommun-wollmar-yxkullsgatan-50,-1-2-tr-785996
https://www.hemnet.se/salda/bostadsratt-3rum-katarina-sofia-stockholms-kommun-nackagatan-29,5-tr-787259
https://www.hemnet.se/salda/bostadsratt-2rum-katarina-stockholms-kommun-ringvagen-155-b,-1-tr-786311
https://www.hemnet.se/salda/bostadsratt-4rum-maria-stockholms-kommun-fatburs-kvarngata-11,-5-tr-786358
https://www.hemnet.se/salda/bostadsratt-5rum-hogalid-stockholms-kommun-palsundsgatan-1a-786271
https://www.hemnet.se/salda/bostadsratt-4rum-katarina-stockholms-kommun-vastgotagatan-21,-5-tr-786256
https://www.hemnet.se/salda/bostadsratt-1rum-sofia-stockholms-kommun-klippgatan-14-h-786409
https://www.hemnet.se/salda/bostadsratt-2rum-sodermalm-mariatorget-stockholms-kommun-ekehjelmstorget-12,-3tr-786442
https://www.hemnet.se/salda/bostadsratt-1rum-sodermalm-maria-stockholms-kommun-brannkyrkagatan-44,-1,5-tr-786705
https://www.hemnet.se/salda/bostadsratt-1rum-sodermalm-sofia-stockholms-kommun-katarina-bangata-59c,-4-tr-786074
https://www.hemnet.se/salda/bostadsratt-1rum-sodermalm-mariaberget-stockholms-kommun-tavastgatan-22-786079
https://www.hemnet.se/salda/bostadsratt-2rum-sodermalm-stockholms-kommun-swedenborgsgatan-11-786065
https://www.hemnet.se/salda/bostadsratt-1,5rum-sofia-stockholms-kommun-borgmastargatan-9,-1tr-785893
https://www.hemnet.se/salda/bostadsratt-1rum-sodermalm-sofia-stockholms-kommun-ringvagen-126-786159
https://www.hemnet.se/salda/bostadsratt-2rum-sodermalm-hogalid-stockholms-kommun-maria-bangata-17,-5tr-785776
https://www.hemnet.se/salda/bostadsratt-1rum-maria-stockholms-kommun-fatburs-brunnsgata-31,-7-tr-785236
https://www.hemnet.se/salda/bostadsratt-2rum-katarina-stockholms-kommun-timotejgatan-8,-3-e-van-785124
https://www.hemnet.se/salda/bostadsratt-1rum-hornstull-stockholms-kommun-heleneborgsgatan-20-784869
https://www.hemnet.se/salda/bostadsratt-1rum-sodermalm-hogalid-stockholms-kommun-hogalidsgatan-31-784907
https://www.hemnet.se/salda/bostadsratt-1,5rum-maria-stockholms-kommun-timmermansgatan-38-b,-1-tr-784673
https://www.hemnet.se/salda/bostadsratt-1rum-sofia-stockholms-kommun-erstagatan-23,-4tr-784675
https://www.hemnet.se/salda/bostadsratt-2rum-hornstull-stockholms-kommun-heleneborgsgatan-30a-784668
https://www.hemnet.se/salda/bostadsratt-2,5rum-sodermalm-maria-stockholms-kommun-tavastgatan-28-784688
https://www.hemnet.se/salda/bostadsratt-4rum-sodermalm-hornstull-stockholms-kommun-hornsgatan-141b,-2-tr-784631
https://www.hemnet.se/salda/bostadsratt-1rum-hornstull-sodermalm-stockholms-kommun-hogalidsgatan-32-c,-4tr-o,g,-784482
https://www.hemnet.se/salda/bostadsratt-2rum-sodermalm-stockholms-kommun-gotlandsgatan-69,-van-1,-2-tr-784152
https://www.hemnet.se/salda/bostadsratt-2rum-sodermalm-stockholms-kommun-kapellgrand-6-f-784104
https://www.hemnet.se/salda/bostadsratt-1rum-sodermalm-stockholms-kommun-tideliusgatan-19,-bv-784480
https://www.hemnet.se/salda/bostadsratt-2rum-sodermalm-hogalid-stockholms-kommun-maria-bangata-17,-3-tr-784605
https://www.hemnet.se/salda/bostadsratt-3rum-stockholms-kommun-bondegatan-45,-2-tr-784411
https://www.hemnet.se/salda/bostadsratt-1rum-stockholms-kommun-blekingegatan-38,-1tr-og-784334
https://www.hemnet.se/salda/bostadsratt-2rum-sodermalm-stockholms-kommun-magnus-ladulasgatan-53,-2tr-786449
https://www.hemnet.se/salda/bostadsratt-2rum-sofia-stockholms-kommun-bondegatan-74-d,-gardshus-784262
https://www.hemnet.se/salda/bostadsratt-2rum-hornstull-stockholms-kommun-bergsunds-strand-5,-5-tr-784272
https://www.hemnet.se/salda/bostadsratt-2rum-sofia-stockholms-kommun-ljusterogatan-5,-5-tr-784199
https://www.hemnet.se/salda/bostadsratt-3rum-maria-stockholms-kommun-noe-arksgranden-6-784333
https://www.hemnet.se/salda/bostadsratt-1rum-sofia-stockholms-kommun-blecktornsstigen-8,-2-a-van-784230
https://www.hemnet.se/salda/bostadsratt-1rum-sodermalm-katarina-stockholms-kommun-tjarhovsgatan-22-784027
https://www.hemnet.se/salda/bostadsratt-4rum-sodermalm-maria-stockholms-kommun-skaraborgsgatan-9,-4tr-784026
https://www.hemnet.se/salda/bostadsratt-3rum-hornstull-stockholms-kommun-palsundsgatan-3a,-1tr-783048
https://www.hemnet.se/salda/bostadsratt-1,5rum-sodermalm-stockholms-kommun-sodermannagatan-37,-1-tr-van-2-782952
https://www.hemnet.se/salda/bostadsratt-2rum-sodermalm-sofo-stockholms-kommun-renstiernas-gata-30,-4-tr-782972
https://www.hemnet.se/salda/bostadsratt-1rum-sodermalm-hornstull-stockholms-kommun-hogalidsgatan-33,-3-tr-782842
https://www.hemnet.se/salda/bostadsratt-1rum-sodermalm-sofia-stockholms-kommun-borgmastargatan-9,-4-tr-783199
https://www.hemnet.se/salda/bostadsratt-1,5rum-sodermalm-stockholms-kommun-tobaksspinnargatan-10-783332
https://www.hemnet.se/salda/bostadsratt-1rum-sodermalm-stockholms-kommun-hogalidsgatan-36-b-782954
https://www.hemnet.se/salda/bostadsratt-3rum-stockholm-stockholms-kommun-medborgarplatsen-11-783206
https://www.hemnet.se/salda/bostadsratt-2rum-sodermalm-katarina-stockholms-kommun-allhelgonagatan-15,-3-tr-783239
https://www.hemnet.se/salda/bostadsratt-3rum-hogalid-stockholms-kommun-heleneborgsgatan-5-b,-2tr-782516
https://www.hemnet.se/salda/bostadsratt-1rum-sofia-stockholms-kommun-katarina-bangata-67a-782552
https://www.hemnet.se/salda/bostadsratt-1,5rum-sofia-stockholms-kommun-rutger-fuchsgatan-9-782607
https://www.hemnet.se/salda/bostadsratt-2rum-sodermalm-stockholms-kommun-ringvagen-66-782635
https://www.hemnet.se/salda/bostadsratt-3rum-sodermalm-stockholms-kommun-grindsgatan-31-782392
https://www.hemnet.se/salda/bostadsratt-1rum-sodermalm-hogalid-hornstull-stockholms-kommun-hogalidsgatan-25,-4-tr-783238
https://www.hemnet.se/salda/bostadsratt-1rum-sodermalm-katarina-stockholms-kommun-nytorgsgatan-33-782622
https://www.hemnet.se/salda/bostadsratt-1rum-sodermalm-stockholms-kommun-skanegatan-59a-782394
https://www.hemnet.se/salda/bostadsratt-1rum-sodermalm-sofo-stockholms-kommun-klippgatan-14e,-2-tr-782404
https://www.hemnet.se/salda/bostadsratt-2rum-sodermalm-katarina-stockholms-kommun-ringvagen-127a-782623
https://www.hemnet.se/salda/bostadsratt-2rum-sodermalm-hogalid-stockholms-kommun-slipgatan-11,-4-trappor-782620
https://www.hemnet.se/salda/bostadsratt-4rum-katarina-stockholms-kommun-folkungagatan-95-781990
https://www.hemnet.se/salda/bostadsratt-4rum-sodermalm-stockholms-kommun-tideliusgatan-53-3tr-782111
https://www.hemnet.se/salda/bostadsratt-2,5rum-sodermalm-katarina-stockholms-kommun-narkesgatan-2,-5-tr-785999
https://www.hemnet.se/salda/bostadsratt-2rum-sodermalm-hogalid-stockholms-kommun-bergsunds-strand-34-782122
https://www.hemnet.se/salda/bostadsratt-3rum-sodermalm-sofia-stockholms-kommun-ploggatan-20,-2tr-784029
https://www.hemnet.se/salda/bostadsratt-2rum-sodermalm-stockholms-kommun-fredmansgatan-7a-ingang-maria-prastgardsg-2a-781709
https://www.hemnet.se/salda/bostadsratt-2rum-hornstull-stockholms-kommun-heleneborgsgatan-12-a-781638
https://www.hemnet.se/salda/bostadsratt-2rum-sodermalm-stockholms-kommun-verkstadsgatan-5,-4-tr-781686
https://www.hemnet.se/salda/bostadsratt-2,5rum-hogalid-stockholms-kommun-hogalidsgatan-46b,-3-tr-781120
https://www.hemnet.se/salda/bostadsratt-3rum-sodermalm-stockholms-kommun-ringvagen-62-781465
https://www.hemnet.se/salda/bostadsratt-2rum-stockholms-kommun-jagargatan-3,-4-tr-781478
https://www.hemnet.se/salda/bostadsratt-2rum-sodermalm-hogalid-hornstull-stockholms-kommun-borgargatan-6,-1,5-tr-781173
https://www.hemnet.se/salda/bostadsratt-4rum-sodermalm-stockholms-kommun-hogalidsgatan-13-a,-3-tr-781869
https://www.hemnet.se/salda/bostadsratt-2rum-sodermalm-stockholms-kommun-olandsgatan-46-781456
https://www.hemnet.se/salda/bostadsratt-4rum-sodermalm-stockholms-kommun-tideliusgatan-41,-2-tr-781399
https://www.hemnet.se/salda/bostadsratt-1rum-sodermalm-mariaberget-stockholms-kommun-bastugatan-17,-4-5tr-780858
https://www.hemnet.se/salda/bostadsratt-1,5rum-sodermalm-stockholms-kommun-heleneborgsgatan-52,-2-tr-781055
https://www.hemnet.se/salda/bostadsratt-2rum-sodermalm-sofia-stockholms-kommun-ringvagen-131-b,-4tr-781082
https://www.hemnet.se/salda/bostadsratt-1rum-sodermalm-sofia-stockholms-kommun-rutger-fuchsgatan-8b,-1-tr-781027
https://www.hemnet.se/salda/bostadsratt-1rum-sodermalm-stockholms-kommun-klippgatan-14-f,-3-tr-780890
https://www.hemnet.se/salda/bostadsratt-2rum-nytorget-stockholms-kommun-beckbrannarbacken-7,-1,5tr-780373
https://www.hemnet.se/salda/bostadsratt-1rum-hogalid-stockholms-kommun-marmorgatan-11,-3-tr-780409
https://www.hemnet.se/salda/bostadsratt-1rum-sofia-stockholms-kommun-asogatan-198,-4-tr-780475
https://www.hemnet.se/salda/bostadsratt-2rum-hogalid-stockholms-kommun-krukmakarbacken-4a-780428
https://www.hemnet.se/salda/bostadsratt-3,5rum-sodermalm-stockholms-kommun-tegelviksgatan-49,-4tr-780151
https://www.hemnet.se/salda/bostadsratt-2rum-sodermalm-maria-stockholms-kommun-ekehjelmstorget-12,-4-tr-780894
https://www.hemnet.se/salda/bostadsratt-3rum-sodermalm-mosebacke-stockholms-kommun-svartensgatan-10,-3-tr-780280
https://www.hemnet.se/salda/bostadsratt-1rum-sodermalm-hogalid-stockholms-kommun-hogalidsgatan-25,-2-tr-780303
https://www.hemnet.se/salda/bostadsratt-1,5rum-sodermalm-stockholms-kommun-asogatan-98,-2-tr-780659
https://www.hemnet.se/salda/bostadsratt-1rum-sodermalm-stockholms-kommun-hogalidsgatan-38c-780212
https://www.hemnet.se/salda/bostadsratt-2rum-sodermalm-stockholms-kommun-hornsgatan-89-a,-3-tr-o,g,-780205
https://www.hemnet.se/salda/bostadsratt-1rum-reimersholme-stockholms-kommun-anders-reimers-vag-1-780298
https://www.hemnet.se/salda/bostadsratt-1,5rum-sodermalm-stockholms-kommun-tavastgatan-15-780051
https://www.hemnet.se/salda/bostadsratt-3rum-katarina-stockholms-kommun-klevgrand-2,-hogst-upp-780147
https://www.hemnet.se/salda/bostadsratt-1rum-sodermalm-stockholms-kommun-bastugatan-27-780229
https://www.hemnet.se/salda/bostadsratt-2rum-sodermalm-stockholms-kommun-asogatan-196-780553
https://www.hemnet.se/salda/bostadsratt-2rum-sodermalm-stockholms-kommun-brannkyrkagatan-119,-4tr-799166
https://www.hemnet.se/salda/bostadsratt-1rum-katarina-stockholms-kommun-bondegatan-16-c,-1tr-779841
https://www.hemnet.se/salda/bostadsratt-2rum-hogalid-stockholms-kommun-hogalidsgatan-46b,-2-tr-780485
https://www.hemnet.se/salda/bostadsratt-3rum-hogalid-stockholms-kommun-sockerbruksgrand-16,-1tr-779572
https://www.hemnet.se/salda/bostadsratt-1,5rum-nytorget-sodermalm-stockholms-kommun-gotlandsgatan-64,-1,5-tr-779675
https://www.hemnet.se/salda/bostadsratt-1rum-sodermalm-sofia-stockholms-kommun-duvnasgatan-1,-5-tr-780895
https://www.hemnet.se/salda/bostadsratt-1rum-sodermalm-hogalid-hornstull-stockholms-kommun-folkskolegatan-20,-3,5-tr-779925
https://www.hemnet.se/salda/bostadsratt-1rum-sodermalm-maria-stockholms-kommun-timmermansgatan-13,-5-tr-780169
https://www.hemnet.se/salda/bostadsratt-1rum-sodermalm-katarina-stockholms-kommun-bjurholmsplan-27,-2-tr-779664
https://www.hemnet.se/salda/bostadsratt-1rum-sodermalm-sofia-stockholms-kommun-skanegatan-107-779877
https://www.hemnet.se/salda/bostadsratt-2rum-sodermalm-stockholms-kommun-kocksgatan-60b-779546
https://www.hemnet.se/salda/bostadsratt-2rum-sodermalm-katarina-stockholms-kommun-ostgotagatan-40,-3-tr-779926
https://www.hemnet.se/salda/bostadsratt-2rum-katarina-stockholms-kommun-bondegatan-13-779366
https://www.hemnet.se/salda/bostadsratt-1rum-hornstull-stockholms-kommun-heleneborgsgatan-20,-4tr-784971
https://www.hemnet.se/salda/bostadsratt-2rum-sodermalm-hogalid-stockholms-kommun-brannkyrkagatan-81-779407
https://www.hemnet.se/salda/bostadsratt-3rum-sodermalm-sofia-stockholms-kommun-erstagatan-20-779259
https://www.hemnet.se/salda/bostadsratt-1,5rum-sodermalm-hogalid-stockholms-kommun-hornsgatan-158b-779406
https://www.hemnet.se/salda/bostadsratt-3rum-sodermalm-stockholms-kommun-asogatan-109-779168
https://www.hemnet.se/salda/bostadsratt-1rum-katarina-stockholms-kommun-katarina-bangata-42-778982
https://www.hemnet.se/salda/bostadsratt-2rum-sodermalm-stockholms-kommun-verkstadsgatan-11,-3-tr-778913
https://www.hemnet.se/salda/bostadsratt-1rum-sodermalm-hornstull-stockholms-kommun-slipgatan-12,-1tr-778835
https://www.hemnet.se/salda/bostadsratt-1,5rum-hornstull-stockholms-kommun-lundagatan-48,-tr-778923
https://www.hemnet.se/salda/bostadsratt-1rum-katarina-stockholms-kommun-moregatan-7-778937
https://www.hemnet.se/salda/bostadsratt-1rum-sofia-stockholms-kommun-asogatan-189,-3-tr-778383
https://www.hemnet.se/salda/bostadsratt-2rum-sodermalm-hogalid-stockholms-kommun-lundagatan-36e-777912
https://www.hemnet.se/salda/bostadsratt-2rum-sodermalm-stockholms-kommun-slipgatan-14,-1-tr-778321
https://www.hemnet.se/salda/bostadsratt-1rum-sodermalm-sofo-stockholms-kommun-bondegatan-3b,-2tr-778783
https://www.hemnet.se/salda/bostadsratt-2rum-maria-stockholms-kommun-magnus-ladulasgatan-13,-3-tr-777786
https://www.hemnet.se/salda/bostadsratt-1rum-katarina-stockholms-kommun-bondegatan-46-778410
https://www.hemnet.se/salda/bostadsratt-2rum-sodermalm-maria-stockholms-kommun-tavastgatan-14-777822
https://www.hemnet.se/salda/bostadsratt-4rum-katarina-sofia-stockholms-kommun-vintertullstorget-34-778211
https://www.hemnet.se/salda/bostadsratt-2rum-sodermalm-maria-stockholms-kommun-vastgotagrand-5,-7-tr-777692
https://www.hemnet.se/salda/bostadsratt-2rum-sodermalm-hogalid-hornstull-stockholms-kommun-heleneborgsgatan-30,-4tr-777604
https://www.hemnet.se/salda/bostadsratt-2rum-sodermalm-katarina-stockholms-kommun-hallandsgatan-30,-1tr-777677
https://www.hemnet.se/salda/bostadsratt-3,5rum-sodermalm-stockholms-kommun-siargatan-9,-3tr-778131
https://www.hemnet.se/salda/bostadsratt-2rum-sodermalm-katarina-stockholms-kommun-gotlandsgatan-37,-2tr-777676
https://www.hemnet.se/salda/bostadsratt-1rum-katarina-stockholms-kommun-bondegatan-3b-777414
https://www.hemnet.se/salda/bostadsratt-3rum-katarina-sofia-stockholms-kommun-asogatan-92,-3-tr,-777253
https://www.hemnet.se/salda/bostadsratt-1rum-maria-stockholms-kommun-timmermansgatan-37-777135
https://www.hemnet.se/salda/bostadsratt-1,5rum-sodermalm-hogalid-stockholms-kommun-bergsundsgatan-13,-5tr-777180
https://www.hemnet.se/salda/bostadsratt-2rum-sodermalm-hogalid-stockholms-kommun-krukmakargatan-59,-3tr-777263
https://www.hemnet.se/salda/bostadsratt-2rum-sodermalm-hornstull-stockholms-kommun-bergsunds-strand-31,-2-tr-777048
https://www.hemnet.se/salda/bostadsratt-1rum-sodermalm-stockholms-kommun-lorensbergsgatan-1b,-5-tr-776841
https://www.hemnet.se/salda/bostadsratt-1,5rum-katarina-stockholms-kommun-tjustgatan-4-776514
https://www.hemnet.se/salda/bostadsratt-3rum-sodermalm-hogalid-stockholms-kommun-maria-bangata-17,-7-tr-776205
https://www.hemnet.se/salda/bostadsratt-2rum-sodermalm-stockholms-kommun-krukmakargatan-50-a-776024
https://www.hemnet.se/salda/bostadsratt-1,5rum-sodermalm-mariaberget-stockholms-kommun-bastugatan-45,-3tr-775882